<?xml version="1.0" encoding="UTF-8"?><?xml-stylesheet type='text/xsl' href='_UpgradeReport_Files/UpgradeReport.xslt'?><UpgradeLog>
<Properties><Property Name="Solution" Value="TouchItemTest">
</Property><Property Name="Solution File" Value="C:\Temp\Projects\SIM\Math\TouchItemTest\TouchItemTest.sln">
</Property><Property Name="User Options File" Value="C:\Temp\Projects\SIM\Math\TouchItemTest\TouchItemTest.suo">
</Property><Property Name="Date" Value="9 февраля 2014 г.">
</Property><Property Name="Time" Value="16:13">
</Property></Properties><Event ErrorLevel="0" Project="" Source="TouchItemTest.sln" Description="File successfully backed up as C:\Temp\Projects\SIM\Math\TouchItemTest\Backup\TouchItemTest.sln">
</Event><Event ErrorLevel="0" Project="" Source="TouchItemTest.suo" Description="File successfully backed up as C:\Temp\Projects\SIM\Math\TouchItemTest\Backup\TouchItemTest.suo">
</Event><Event ErrorLevel="0" Project="TouchItemTest" Source="TouchItemTest\TouchItemTest.csproj" Description="Project file successfully backed up as C:\Temp\Projects\SIM\Math\TouchItemTest\Backup\TouchItemTest\TouchItemTest.csproj">
</Event><Event ErrorLevel="0" Project="TouchItemTest" Source="TouchItemTest\Form1.cs" Description="File successfully backed up as C:\Temp\Projects\SIM\Math\TouchItemTest\Backup\TouchItemTest\Form1.cs">
</Event><Event ErrorLevel="0" Project="TouchItemTest" Source="TouchItemTest\Form1.Designer.cs" Description="File successfully backed up as C:\Temp\Projects\SIM\Math\TouchItemTest\Backup\TouchItemTest\Form1.Designer.cs">
</Event><Event ErrorLevel="0" Project="TouchItemTest" Source="TouchItemTest\Form2.cs" Description="File successfully backed up as C:\Temp\Projects\SIM\Math\TouchItemTest\Backup\TouchItemTest\Form2.cs">
</Event><Event ErrorLevel="0" Project="TouchItemTest" Source="TouchItemTest\Form2.Designer.cs" Description="File successfully backed up as C:\Temp\Projects\SIM\Math\TouchItemTest\Backup\TouchItemTest\Form2.Designer.cs">
</Event><Event ErrorLevel="0" Project="TouchItemTest" Source="TouchItemTest\Program.cs" Description="File successfully backed up as C:\Temp\Projects\SIM\Math\TouchItemTest\Backup\TouchItemTest\Program.cs">
</Event><Event ErrorLevel="0" Project="TouchItemTest" Source="TouchItemTest\Properties\AssemblyInfo.cs" Description="File successfully backed up as C:\Temp\Projects\SIM\Math\TouchItemTest\Backup\TouchItemTest\Properties\AssemblyInfo.cs">
</Event><Event ErrorLevel="0" Project="TouchItemTest" Source="TouchItemTest\Properties\Resources.Designer.cs" Description="File successfully backed up as C:\Temp\Projects\SIM\Math\TouchItemTest\Backup\TouchItemTest\Properties\Resources.Designer.cs">
</Event><Event ErrorLevel="0" Project="TouchItemTest" Source="TouchItemTest\Properties\Settings.Designer.cs" Description="File successfully backed up as C:\Temp\Projects\SIM\Math\TouchItemTest\Backup\TouchItemTest\Properties\Settings.Designer.cs">
</Event><Event ErrorLevel="0" Project="TouchItemTest" Source="TouchItemTest\Properties\Settings.settings" Description="File successfully backed up as C:\Temp\Projects\SIM\Math\TouchItemTest\Backup\TouchItemTest\Properties\Settings.settings">
</Event><Event ErrorLevel="0" Project="TouchItemTest" Source="TouchItemTest\Check32.bmp" Description="File successfully backed up as C:\Temp\Projects\SIM\Math\TouchItemTest\Backup\TouchItemTest\Check32.bmp">
</Event><Event ErrorLevel="0" Project="TouchItemTest" Source="TouchItemTest\Info.txt" Description="File successfully backed up as C:\Temp\Projects\SIM\Math\TouchItemTest\Backup\TouchItemTest\Info.txt">
</Event><Event ErrorLevel="0" Project="TouchItemTest" Source="TouchItemTest\ItemMenu.bmp" Description="File successfully backed up as C:\Temp\Projects\SIM\Math\TouchItemTest\Backup\TouchItemTest\ItemMenu.bmp">
</Event><Event ErrorLevel="0" Project="TouchItemTest" Source="TouchItemTest\State32.bmp" Description="File successfully backed up as C:\Temp\Projects\SIM\Math\TouchItemTest\Backup\TouchItemTest\State32.bmp">
</Event><Event ErrorLevel="0" Project="TouchItemTest" Source="TouchItemTest\Form1.resx" Description="File successfully backed up as C:\Temp\Projects\SIM\Math\TouchItemTest\Backup\TouchItemTest\Form1.resx">
</Event><Event ErrorLevel="0" Project="TouchItemTest" Source="TouchItemTest\Form2.resx" Description="File successfully backed up as C:\Temp\Projects\SIM\Math\TouchItemTest\Backup\TouchItemTest\Form2.resx">
</Event><Event ErrorLevel="0" Project="TouchItemTest" Source="TouchItemTest\Properties\licenses.licx" Description="File successfully backed up as C:\Temp\Projects\SIM\Math\TouchItemTest\Backup\TouchItemTest\Properties\licenses.licx">
</Event><Event ErrorLevel="0" Project="TouchItemTest" Source="TouchItemTest\Properties\Resources.resx" Description="File successfully backed up as C:\Temp\Projects\SIM\Math\TouchItemTest\Backup\TouchItemTest\Properties\Resources.resx">
</Event><Event ErrorLevel="0" Project="TouchItemTest" Source="TouchItemTest\TouchItemTest.csproj" Description="Project converted successfully">
</Event><Event ErrorLevel="3" Project="TouchItemTest" Source="TouchItemTest\TouchItemTest.csproj" Description="Converted">
</Event><Event ErrorLevel="0" Project="" Source="TouchItemTest.sln" Description="Solution converted successfully">
</Event><Event ErrorLevel="3" Project="" Source="TouchItemTest.sln" Description="Converted">
</Event><Event ErrorLevel="0" Project="TouchItemTest" Source="TouchItemTest\TouchItemTest.csproj" Description="Scan complete: Upgrade not required for project files.">
</Event></UpgradeLog>