<?xml version="1.0" encoding="utf-8" ?>
<DynamicHelp xmlns="http://msdn.microsoft.com/vsdata/xsd/vsdh.xsd" xmlns:xsi="http://www.w3.org/2000/10/XMLSchema-instance" xsi:schemaLocation="http://msdn.microsoft.com/vsdata/xsd/vsdh.xsd">	
   <LINKGROUP ID="Walk" Title="Walk Reference Help" Priority="2100">
      <GLYPH Expanded="vs:/ctxhelp_show.gif" Collapsed="vs:/ctxhelp_hide.gif"/>
   </LINKGROUP>


   <Context>
      <Keywords>
         <KItem Name="Walk.MUtility.BytesToHex" />
      </Keywords>
      <Links>
         <LItem URL="ms-its:Walk.chm::/topic_00000000000000FF.html" LinkGroup="Walk">BytesToHex - метод</LItem>
      </Links>
   </Context>
   

   <Context>
      <Keywords>
         <KItem Name="Walk.MEngine.CellCollection" />
      </Keywords>
      <Links>
         <LItem URL="ms-its:Walk.chm::/topic_0000000000000055.html" LinkGroup="Walk">CellCollection - свойство</LItem>
      </Links>
   </Context>
   

   <Context>
      <Keywords>
         <KItem Name="Walk.MEngine.CellIdManager" />
      </Keywords>
      <Links>
         <LItem URL="ms-its:Walk.chm::/topic_000000000000004C.html" LinkGroup="Walk">CellIdManager - свойство</LItem>
      </Links>
   </Context>
   

   <Context>
      <Keywords>
         <KItem Name="Walk.MID.Clone" />
      </Keywords>
      <Links>
         <LItem URL="ms-its:Walk.chm::/topic_0000000000000076.html" LinkGroup="Walk">Clone - метод</LItem>
      </Links>
   </Context>
   

   <Context>
      <Keywords>
         <KItem Name="Walk.MDbLayer.Close" />
      </Keywords>
      <Links>
         <LItem URL="ms-its:Walk.chm::/topic_0000000000000030.html" LinkGroup="Walk">Close - метод {Walk.MDbLayer}</LItem>
      </Links>
   </Context>
   

   <Context>
      <Keywords>
         <KItem Name="Walk.MEngine.Close" />
      </Keywords>
      <Links>
         <LItem URL="ms-its:Walk.chm::/topic_0000000000000062.html" LinkGroup="Walk">Close - метод {Walk.MEngine}</LItem>
      </Links>
   </Context>
   

   <Context>
      <Keywords>
         <KItem Name="Walk.MLog.Close" />
      </Keywords>
      <Links>
         <LItem URL="ms-its:Walk.chm::/topic_0000000000000097.html" LinkGroup="Walk">Close - метод {Walk.MLog}</LItem>
      </Links>
   </Context>
   

   <Context>
      <Keywords>
         <KItem Name="Walk.MNetwork.Close" />
      </Keywords>
      <Links>
         <LItem URL="ms-its:Walk.chm::/topic_00000000000000A4.html" LinkGroup="Walk">Close - метод {Walk.MNetwork}</LItem>
      </Links>
   </Context>
   

   <Context>
      <Keywords>
         <KItem Name="Walk.MProject.Close" />
      </Keywords>
      <Links>
         <LItem URL="ms-its:Walk.chm::/topic_00000000000000B7.html" LinkGroup="Walk">Close - метод {Walk.MProject}</LItem>
      </Links>
   </Context>
   

   <Context>
      <Keywords>
         <KItem Name="Walk.MResource.Close" />
      </Keywords>
      <Links>
         <LItem URL="ms-its:Walk.chm::/topic_00000000000000F6.html" LinkGroup="Walk">Close - метод {Walk.MResource}</LItem>
      </Links>
   </Context>
   

   <Context>
      <Keywords>
         <KItem Name="Walk.MSnapshot.Close" />
      </Keywords>
      <Links>
         <LItem URL="ms-its:Walk.chm::/topic_00000000000000FC.html" LinkGroup="Walk">Close - метод {Walk.MSnapshot}</LItem>
      </Links>
   </Context>
   
   <Context>
      <Keywords>
         <KItem Name="Walk.Serialization.MCrc16_CCITT_Kermit.ComputeCrc16" />
      </Keywords>
      <Links>
         <LItem URL="ms-its:Walk.chm::/topic_0000000000000116_overloads+.html" LinkGroup="Walk">ComputeCrc16 - метод</LItem>
      </Links>
   </Context>
   
   <Context>
      <Keywords>
         <KItem Name="Walk.Serialization.MCrc16_CCITT_Kermit.ComputeCrc16" />
      </Keywords>
      <Links>
         <LItem URL="ms-its:Walk.chm::/topic_0000000000000115_overloads+.html" LinkGroup="Walk">ComputeCrc16 - метод</LItem>
      </Links>
   </Context>
   

   <Context>
      <Keywords>
         <KItem Name="Walk.MProject.Container" />
      </Keywords>
      <Links>
         <LItem URL="ms-its:Walk.chm::/topic_00000000000000B0.html" LinkGroup="Walk">Container - свойство</LItem>
      </Links>
   </Context>
   

   <Context>
      <Keywords>
         <KItem Name="Walk.MProjectInfo.ContainerDefaultCellMode" />
      </Keywords>
      <Links>
         <LItem URL="ms-its:Walk.chm::/topic_00000000000000E4.html" LinkGroup="Walk">ContainerDefaultCellMode - свойство</LItem>
      </Links>
   </Context>
   

   <Context>
      <Keywords>
         <KItem Name="Walk.MID.ContainerId" />
      </Keywords>
      <Links>
         <LItem URL="ms-its:Walk.chm::/topic_0000000000000070.html" LinkGroup="Walk">ContainerId - свойство</LItem>
      </Links>
   </Context>
   

   <Context>
      <Keywords>
         <KItem Name="Walk.MEngine.ContainerIdNumber" />
      </Keywords>
      <Links>
         <LItem URL="ms-its:Walk.chm::/topic_000000000000004B.html" LinkGroup="Walk">ContainerIdNumber - свойство</LItem>
      </Links>
   </Context>
   

   <Context>
      <Keywords>
         <KItem Name="Walk.MProjectInfo.ContainerIsActiveFlag" />
      </Keywords>
      <Links>
         <LItem URL="ms-its:Walk.chm::/topic_00000000000000E2.html" LinkGroup="Walk">ContainerIsActiveFlag - свойство</LItem>
      </Links>
   </Context>
   

   <Context>
      <Keywords>
         <KItem Name="Walk.MProjectInfo.ContainerServiceFlag" />
      </Keywords>
      <Links>
         <LItem URL="ms-its:Walk.chm::/topic_00000000000000E3.html" LinkGroup="Walk">ContainerServiceFlag - свойство</LItem>
      </Links>
   </Context>
   

   <Context>
      <Keywords>
         <KItem Name="Walk.MProjectInfo.ContainerState" />
      </Keywords>
      <Links>
         <LItem URL="ms-its:Walk.chm::/topic_00000000000000E1.html" LinkGroup="Walk">ContainerState - свойство</LItem>
      </Links>
   </Context>
   

   <Context>
      <Keywords>
         <KItem Name="Walk.MCellCollection.Count" />
      </Keywords>
      <Links>
         <LItem URL="ms-its:Walk.chm::/topic_000000000000001E.html" LinkGroup="Walk">Count - свойство {Walk.MCellCollection}</LItem>
      </Links>
   </Context>
   

   <Context>
      <Keywords>
         <KItem Name="Walk.MLinkCollection.Count" />
      </Keywords>
      <Links>
         <LItem URL="ms-its:Walk.chm::/topic_000000000000008D.html" LinkGroup="Walk">Count - свойство {Walk.MLinkCollection}</LItem>
      </Links>
   </Context>
   

   <Context>
      <Keywords>
         <KItem Name="Walk.MID.CreateLocalID" />
      </Keywords>
      <Links>
         <LItem URL="ms-its:Walk.chm::/topic_0000000000000077.html" LinkGroup="Walk">CreateLocalID - метод</LItem>
      </Links>
   </Context>
   

   <Context>
      <Keywords>
         <KItem Name="Walk.MProjectInfo.CreationDate" />
      </Keywords>
      <Links>
         <LItem URL="ms-its:Walk.chm::/topic_00000000000000D5.html" LinkGroup="Walk">CreationDate - свойство</LItem>
      </Links>
   </Context>
   

   <Context>
      <Keywords>
         <KItem Name="Walk.MEngine.CurrentContainer" />
      </Keywords>
      <Links>
         <LItem URL="ms-its:Walk.chm::/topic_0000000000000048.html" LinkGroup="Walk">CurrentContainer - свойство</LItem>
      </Links>
   </Context>
   

   <Context>
      <Keywords>
         <KItem Name="Walk.MEngine.DatabaseLayer" />
      </Keywords>
      <Links>
         <LItem URL="ms-its:Walk.chm::/topic_000000000000004F.html" LinkGroup="Walk">DatabaseLayer - свойство</LItem>
      </Links>
   </Context>
   

   <Context>
      <Keywords>
         <KItem Name="Walk.MProjectInfo.DatabaseName" />
      </Keywords>
      <Links>
         <LItem URL="ms-its:Walk.chm::/topic_00000000000000DB.html" LinkGroup="Walk">DatabaseName - свойство</LItem>
      </Links>
   </Context>
   

   <Context>
      <Keywords>
         <KItem Name="Walk.MProjectInfo.DatabaseServerPath" />
      </Keywords>
      <Links>
         <LItem URL="ms-its:Walk.chm::/topic_00000000000000DA.html" LinkGroup="Walk">DatabaseServerPath - свойство</LItem>
      </Links>
   </Context>
   

   <Context>
      <Keywords>
         <KItem Name="Walk.MProjectInfo.DatabaseType" />
      </Keywords>
      <Links>
         <LItem URL="ms-its:Walk.chm::/topic_00000000000000D9.html" LinkGroup="Walk">DatabaseType - свойство</LItem>
      </Links>
   </Context>
   

   <Context>
      <Keywords>
         <KItem Name="Walk.MDbLayer.DbConstructor" />
      </Keywords>
      <Links>
         <LItem URL="ms-its:Walk.chm::/topic_0000000000000032.html" LinkGroup="Walk">DbConstructor - метод</LItem>
      </Links>
   </Context>
   

   <Context>
      <Keywords>
         <KItem Name="Walk.MEngine.DefaultCellMode" />
      </Keywords>
      <Links>
         <LItem URL="ms-its:Walk.chm::/topic_000000000000004E.html" LinkGroup="Walk">DefaultCellMode - свойство</LItem>
      </Links>
   </Context>
   

   <Context>
      <Keywords>
         <KItem Name="Walk.ImElement.ElementDescription" />
      </Keywords>
      <Links>
         <LItem URL="ms-its:Walk.chm::/topic_0000000000000004.html" LinkGroup="Walk">ElementDescription - свойство {Walk.ImElement}</LItem>
      </Links>
   </Context>
   

   <Context>
      <Keywords>
         <KItem Name="Walk.MEngine.ElementDescription" />
      </Keywords>
      <Links>
         <LItem URL="ms-its:Walk.chm::/topic_0000000000000059.html" LinkGroup="Walk">ElementDescription - свойство {Walk.MEngine}</LItem>
      </Links>
   </Context>
   

   <Context>
      <Keywords>
         <KItem Name="Walk.MLink.ElementDescription" />
      </Keywords>
      <Links>
         <LItem URL="ms-its:Walk.chm::/topic_0000000000000081.html" LinkGroup="Walk">ElementDescription - свойство {Walk.MLink}</LItem>
      </Links>
   </Context>
   

   <Context>
      <Keywords>
         <KItem Name="Walk.ImElement.ElementId" />
      </Keywords>
      <Links>
         <LItem URL="ms-its:Walk.chm::/topic_0000000000000002.html" LinkGroup="Walk">ElementId - свойство {Walk.ImElement}</LItem>
      </Links>
   </Context>
   

   <Context>
      <Keywords>
         <KItem Name="Walk.MEngine.ElementId" />
      </Keywords>
      <Links>
         <LItem URL="ms-its:Walk.chm::/topic_0000000000000057.html" LinkGroup="Walk">ElementId - свойство {Walk.MEngine}</LItem>
      </Links>
   </Context>
   

   <Context>
      <Keywords>
         <KItem Name="Walk.MID.ElementId" />
      </Keywords>
      <Links>
         <LItem URL="ms-its:Walk.chm::/topic_0000000000000071.html" LinkGroup="Walk">ElementId - свойство {Walk.MID}</LItem>
      </Links>
   </Context>
   

   <Context>
      <Keywords>
         <KItem Name="Walk.MLink.ElementId" />
      </Keywords>
      <Links>
         <LItem URL="ms-its:Walk.chm::/topic_000000000000007F.html" LinkGroup="Walk">ElementId - свойство {Walk.MLink}</LItem>
      </Links>
   </Context>
   

   <Context>
      <Keywords>
         <KItem Name="Walk.ImElement.ElementIsActive" />
      </Keywords>
      <Links>
         <LItem URL="ms-its:Walk.chm::/topic_0000000000000005.html" LinkGroup="Walk">ElementIsActive - свойство {Walk.ImElement}</LItem>
      </Links>
   </Context>
   

   <Context>
      <Keywords>
         <KItem Name="Walk.MEngine.ElementIsActive" />
      </Keywords>
      <Links>
         <LItem URL="ms-its:Walk.chm::/topic_000000000000005A.html" LinkGroup="Walk">ElementIsActive - свойство {Walk.MEngine}</LItem>
      </Links>
   </Context>
   

   <Context>
      <Keywords>
         <KItem Name="Walk.MLink.ElementIsActive" />
      </Keywords>
      <Links>
         <LItem URL="ms-its:Walk.chm::/topic_0000000000000082.html" LinkGroup="Walk">ElementIsActive - свойство {Walk.MLink}</LItem>
      </Links>
   </Context>
   

   <Context>
      <Keywords>
         <KItem Name="Walk.ImElement.ElementName" />
      </Keywords>
      <Links>
         <LItem URL="ms-its:Walk.chm::/topic_0000000000000003.html" LinkGroup="Walk">ElementName - свойство {Walk.ImElement}</LItem>
      </Links>
   </Context>
   

   <Context>
      <Keywords>
         <KItem Name="Walk.MEngine.ElementName" />
      </Keywords>
      <Links>
         <LItem URL="ms-its:Walk.chm::/topic_0000000000000058.html" LinkGroup="Walk">ElementName - свойство {Walk.MEngine}</LItem>
      </Links>
   </Context>
   

   <Context>
      <Keywords>
         <KItem Name="Walk.MLink.ElementName" />
      </Keywords>
      <Links>
         <LItem URL="ms-its:Walk.chm::/topic_0000000000000080.html" LinkGroup="Walk">ElementName - свойство {Walk.MLink}</LItem>
      </Links>
   </Context>
   

   <Context>
      <Keywords>
         <KItem Name="Walk.ImElement.ElementServiceValue" />
      </Keywords>
      <Links>
         <LItem URL="ms-its:Walk.chm::/topic_0000000000000006.html" LinkGroup="Walk">ElementServiceValue - свойство {Walk.ImElement}</LItem>
      </Links>
   </Context>
   

   <Context>
      <Keywords>
         <KItem Name="Walk.MEngine.ElementServiceValue" />
      </Keywords>
      <Links>
         <LItem URL="ms-its:Walk.chm::/topic_000000000000005B.html" LinkGroup="Walk">ElementServiceValue - свойство {Walk.MEngine}</LItem>
      </Links>
   </Context>
   

   <Context>
      <Keywords>
         <KItem Name="Walk.MLink.ElementServiceValue" />
      </Keywords>
      <Links>
         <LItem URL="ms-its:Walk.chm::/topic_0000000000000083.html" LinkGroup="Walk">ElementServiceValue - свойство {Walk.MLink}</LItem>
      </Links>
   </Context>
   

   <Context>
      <Keywords>
         <KItem Name="Walk.ImElement.ElementState" />
      </Keywords>
      <Links>
         <LItem URL="ms-its:Walk.chm::/topic_0000000000000007.html" LinkGroup="Walk">ElementState - свойство {Walk.ImElement}</LItem>
      </Links>
   </Context>
   

   <Context>
      <Keywords>
         <KItem Name="Walk.MEngine.ElementState" />
      </Keywords>
      <Links>
         <LItem URL="ms-its:Walk.chm::/topic_000000000000005C.html" LinkGroup="Walk">ElementState - свойство {Walk.MEngine}</LItem>
      </Links>
   </Context>
   

   <Context>
      <Keywords>
         <KItem Name="Walk.MLink.ElementState" />
      </Keywords>
      <Links>
         <LItem URL="ms-its:Walk.chm::/topic_0000000000000084.html" LinkGroup="Walk">ElementState - свойство {Walk.MLink}</LItem>
      </Links>
   </Context>
   

   <Context>
      <Keywords>
         <KItem Name="Walk.MEngine.EngineState" />
      </Keywords>
      <Links>
         <LItem URL="ms-its:Walk.chm::/topic_0000000000000049.html" LinkGroup="Walk">EngineState - свойство</LItem>
      </Links>
   </Context>
   

   <Context>
      <Keywords>
         <KItem Name="Walk.MProjectInfo.EngineSubVersion" />
      </Keywords>
      <Links>
         <LItem URL="ms-its:Walk.chm::/topic_00000000000000D7.html" LinkGroup="Walk">EngineSubVersion - свойство</LItem>
      </Links>
   </Context>
   

   <Context>
      <Keywords>
         <KItem Name="Walk.MProjectInfo.EngineVersion" />
      </Keywords>
      <Links>
         <LItem URL="ms-its:Walk.chm::/topic_00000000000000D6.html" LinkGroup="Walk">EngineVersion - свойство</LItem>
      </Links>
   </Context>
   

   <Context>
      <Keywords>
         <KItem Name="Walk.MID.FromU64" />
      </Keywords>
      <Links>
         <LItem URL="ms-its:Walk.chm::/topic_000000000000007A.html" LinkGroup="Walk">FromU64 - метод</LItem>
      </Links>
   </Context>
   

   <Context>
      <Keywords>
         <KItem Name="Walk.MVersionInfo.GetCurrentVersion" />
      </Keywords>
      <Links>
         <LItem URL="ms-its:Walk.chm::/topic_000000000000010E.html" LinkGroup="Walk">GetCurrentVersion - метод</LItem>
      </Links>
   </Context>
   

   <Context>
      <Keywords>
         <KItem Name="Walk.MUtility.HexToBytes" />
      </Keywords>
      <Links>
         <LItem URL="ms-its:Walk.chm::/topic_0000000000000100.html" LinkGroup="Walk">HexToBytes - метод</LItem>
      </Links>
   </Context>
   

   <Context>
      <Keywords>
         <KItem Name="Walk.ImElement" />
      </Keywords>
      <Links>
         <LItem URL="ms-its:Walk.chm::/topic_0000000000000001.html" LinkGroup="Walk">ImElement - интерфейс</LItem>
      </Links>
   </Context>
   

   <Context>
      <Keywords>
         <KItem Name="Walk.MCell.ImElement.ElementDescription" />
      </Keywords>
      <Links>
         <LItem URL="ms-its:Walk.chm::/topic_0000000000000012.html" LinkGroup="Walk">ImElement.ElementDescription - свойство</LItem>
      </Links>
   </Context>
   

   <Context>
      <Keywords>
         <KItem Name="Walk.MCell.ImElement.ElementId" />
      </Keywords>
      <Links>
         <LItem URL="ms-its:Walk.chm::/topic_0000000000000010.html" LinkGroup="Walk">ImElement.ElementId - свойство</LItem>
      </Links>
   </Context>
   

   <Context>
      <Keywords>
         <KItem Name="Walk.MCell.ImElement.ElementIsActive" />
      </Keywords>
      <Links>
         <LItem URL="ms-its:Walk.chm::/topic_0000000000000013.html" LinkGroup="Walk">ImElement.ElementIsActive - свойство</LItem>
      </Links>
   </Context>
   

   <Context>
      <Keywords>
         <KItem Name="Walk.MCell.ImElement.ElementName" />
      </Keywords>
      <Links>
         <LItem URL="ms-its:Walk.chm::/topic_0000000000000011.html" LinkGroup="Walk">ImElement.ElementName - свойство</LItem>
      </Links>
   </Context>
   

   <Context>
      <Keywords>
         <KItem Name="Walk.MCell.ImElement.ElementServiceValue" />
      </Keywords>
      <Links>
         <LItem URL="ms-its:Walk.chm::/topic_0000000000000014.html" LinkGroup="Walk">ImElement.ElementServiceValue - свойство</LItem>
      </Links>
   </Context>
   

   <Context>
      <Keywords>
         <KItem Name="Walk.MCell.ImElement.ElementState" />
      </Keywords>
      <Links>
         <LItem URL="ms-its:Walk.chm::/topic_0000000000000015.html" LinkGroup="Walk">ImElement.ElementState - свойство</LItem>
      </Links>
   </Context>
   

   <Context>
      <Keywords>
         <KItem Name="Walk.ImSerializable" />
      </Keywords>
      <Links>
         <LItem URL="ms-its:Walk.chm::/topic_0000000000000008.html" LinkGroup="Walk">ImSerializable - интерфейс</LItem>
      </Links>
   </Context>
   

   <Context>
      <Keywords>
         <KItem Name="Walk.MVersionInfo.IsCompatibleVersion" />
      </Keywords>
      <Links>
         <LItem URL="ms-its:Walk.chm::/topic_000000000000010F.html" LinkGroup="Walk">IsCompatibleVersion - метод</LItem>
      </Links>
   </Context>
   

   <Context>
      <Keywords>
         <KItem Name="Walk.MProjectInfo.IsDBused" />
      </Keywords>
      <Links>
         <LItem URL="ms-its:Walk.chm::/topic_00000000000000F0.html" LinkGroup="Walk">IsDBused - метод</LItem>
      </Links>
   </Context>
   

   <Context>
      <Keywords>
         <KItem Name="Walk.MID.IsLocalId" />
      </Keywords>
      <Links>
         <LItem URL="ms-its:Walk.chm::/topic_0000000000000078.html" LinkGroup="Walk">IsLocalId - метод</LItem>
      </Links>
   </Context>
   

   <Context>
      <Keywords>
         <KItem Name="Walk.MCellCollection.Items" />
      </Keywords>
      <Links>
         <LItem URL="ms-its:Walk.chm::/topic_000000000000001D.html" LinkGroup="Walk">Items - свойство {Walk.MCellCollection}</LItem>
      </Links>
   </Context>
   

   <Context>
      <Keywords>
         <KItem Name="Walk.MLinkCollection.Items" />
      </Keywords>
      <Links>
         <LItem URL="ms-its:Walk.chm::/topic_000000000000008C.html" LinkGroup="Walk">Items - свойство {Walk.MLinkCollection}</LItem>
      </Links>
   </Context>
   

   <Context>
      <Keywords>
         <KItem Name="Walk.MEngine.LinkCollection" />
      </Keywords>
      <Links>
         <LItem URL="ms-its:Walk.chm::/topic_0000000000000056.html" LinkGroup="Walk">LinkCollection - свойство</LItem>
      </Links>
   </Context>
   

   <Context>
      <Keywords>
         <KItem Name="Walk.MEngine.LinkIdManager" />
      </Keywords>
      <Links>
         <LItem URL="ms-its:Walk.chm::/topic_000000000000004D.html" LinkGroup="Walk">LinkIdManager - свойство</LItem>
      </Links>
   </Context>
   

   <Context>
      <Keywords>
         <KItem Name="Walk.MProjectInfo.Load" />
      </Keywords>
      <Links>
         <LItem URL="ms-its:Walk.chm::/topic_00000000000000ED.html" LinkGroup="Walk">Load - метод</LItem>
      </Links>
   </Context>
   

   <Context>
      <Keywords>
         <KItem Name="Walk.MProjectInfo.LogDetailsFlags" />
      </Keywords>
      <Links>
         <LItem URL="ms-its:Walk.chm::/topic_00000000000000E7.html" LinkGroup="Walk">LogDetailsFlags - свойство</LItem>
      </Links>
   </Context>
   

   <Context>
      <Keywords>
         <KItem Name="Walk.MProject.LogFolderPath" />
      </Keywords>
      <Links>
         <LItem URL="ms-its:Walk.chm::/topic_00000000000000B4.html" LinkGroup="Walk">LogFolderPath - свойство</LItem>
      </Links>
   </Context>
   

   <Context>
      <Keywords>
         <KItem Name="Walk.MEngine.LogManager" />
      </Keywords>
      <Links>
         <LItem URL="ms-its:Walk.chm::/topic_0000000000000050.html" LinkGroup="Walk">LogManager - свойство</LItem>
      </Links>
   </Context>
   

   <Context>
      <Keywords>
         <KItem Name="Walk.MProjectInfo.LogfileNumber" />
      </Keywords>
      <Links>
         <LItem URL="ms-its:Walk.chm::/topic_00000000000000E6.html" LinkGroup="Walk">LogfileNumber - свойство</LItem>
      </Links>
   </Context>
   

   <Context>
      <Keywords>
         <KItem Name="Walk.MCell" />
      </Keywords>
      <Links>
         <LItem URL="ms-its:Walk.chm::/topic_000000000000000D.html" LinkGroup="Walk">MCell - класс</LItem>
      </Links>
   </Context>
   

   <Context>
      <Keywords>
         <KItem Name="Walk.MCell.MCell" />
      </Keywords>
      <Links>
         <LItem URL="ms-its:Walk.chm::/topic_000000000000000E.html" LinkGroup="Walk">MCell - конструктор</LItem>
      </Links>
   </Context>
   

   <Context>
      <Keywords>
         <KItem Name="Walk.MCellCollection" />
      </Keywords>
      <Links>
         <LItem URL="ms-its:Walk.chm::/topic_000000000000001A.html" LinkGroup="Walk">MCellCollection - класс</LItem>
      </Links>
   </Context>
   

   <Context>
      <Keywords>
         <KItem Name="Walk.MCellCollection.MCellCollection" />
      </Keywords>
      <Links>
         <LItem URL="ms-its:Walk.chm::/topic_000000000000001C.html" LinkGroup="Walk">MCellCollection - конструктор</LItem>
      </Links>
   </Context>
   

   <Context>
      <Keywords>
         <KItem Name="Walk.MCellIdManager" />
      </Keywords>
      <Links>
         <LItem URL="ms-its:Walk.chm::/topic_000000000000001F.html" LinkGroup="Walk">MCellIdManager - класс</LItem>
      </Links>
   </Context>
   

   <Context>
      <Keywords>
         <KItem Name="Walk.MCellIdManager.MCellIdManager" />
      </Keywords>
      <Links>
         <LItem URL="ms-its:Walk.chm::/topic_0000000000000020.html" LinkGroup="Walk">MCellIdManager - конструктор</LItem>
      </Links>
   </Context>
   

   <Context>
      <Keywords>
         <KItem Name="Walk.MCellMode" />
      </Keywords>
      <Links>
         <LItem URL="ms-its:Walk.chm::/topic_0000000000000022.html" LinkGroup="Walk">MCellMode - перечисление</LItem>
      </Links>
   </Context>
   

   <Context>
      <Keywords>
         <KItem Name="Walk.Serialization.MCrc16_CCITT_Kermit" />
      </Keywords>
      <Links>
         <LItem URL="ms-its:Walk.chm::/topic_0000000000000113.html" LinkGroup="Walk">MCrc16_CCITT_Kermit - класс</LItem>
      </Links>
   </Context>
   

   <Context>
      <Keywords>
         <KItem Name="Walk.MDatabaseType" />
      </Keywords>
      <Links>
         <LItem URL="ms-its:Walk.chm::/topic_0000000000000027.html" LinkGroup="Walk">MDatabaseType - перечисление</LItem>
      </Links>
   </Context>
   

   <Context>
      <Keywords>
         <KItem Name="Walk.MDbLayer" />
      </Keywords>
      <Links>
         <LItem URL="ms-its:Walk.chm::/topic_000000000000002C.html" LinkGroup="Walk">MDbLayer - класс</LItem>
      </Links>
   </Context>
   

   <Context>
      <Keywords>
         <KItem Name="Walk.MDbLayer.MDbLayer" />
      </Keywords>
      <Links>
         <LItem URL="ms-its:Walk.chm::/topic_000000000000002E.html" LinkGroup="Walk">MDbLayer - конструктор</LItem>
      </Links>
   </Context>
   

   <Context>
      <Keywords>
         <KItem Name="Walk.MElementIdManager" />
      </Keywords>
      <Links>
         <LItem URL="ms-its:Walk.chm::/topic_0000000000000033.html" LinkGroup="Walk">MElementIdManager - класс</LItem>
      </Links>
   </Context>
   

   <Context>
      <Keywords>
         <KItem Name="Walk.MElementIdManager.MElementIdManager" />
      </Keywords>
      <Links>
         <LItem URL="ms-its:Walk.chm::/topic_0000000000000036.html" LinkGroup="Walk">MElementIdManager - конструктор</LItem>
      </Links>
   </Context>
   

   <Context>
      <Keywords>
         <KItem Name="Walk.MEngine" />
      </Keywords>
      <Links>
         <LItem URL="ms-its:Walk.chm::/topic_0000000000000038.html" LinkGroup="Walk">MEngine - класс</LItem>
      </Links>
   </Context>
   

   <Context>
      <Keywords>
         <KItem Name="Walk.MEngine.MEngine" />
      </Keywords>
      <Links>
         <LItem URL="ms-its:Walk.chm::/topic_0000000000000047.html" LinkGroup="Walk">MEngine - конструктор</LItem>
      </Links>
   </Context>
   

   <Context>
      <Keywords>
         <KItem Name="Walk.MEngineState" />
      </Keywords>
      <Links>
         <LItem URL="ms-its:Walk.chm::/topic_0000000000000064.html" LinkGroup="Walk">MEngineState - перечисление</LItem>
      </Links>
   </Context>
   
   <Context>
      <Keywords>
         <KItem Name="Walk.MID.MID" />
      </Keywords>
      <Links>
         <LItem URL="ms-its:Walk.chm::/topic_000000000000006D_overloads+.html" LinkGroup="Walk">MID </LItem>
      </Links>
   </Context>
   
   <Context>
      <Keywords>
         <KItem Name="Walk.MID.MID" />
      </Keywords>
      <Links>
         <LItem URL="ms-its:Walk.chm::/topic_000000000000006E_overloads+.html" LinkGroup="Walk">MID </LItem>
      </Links>
   </Context>
   
   <Context>
      <Keywords>
         <KItem Name="Walk.MID.MID" />
      </Keywords>
      <Links>
         <LItem URL="ms-its:Walk.chm::/topic_000000000000006F_overloads+.html" LinkGroup="Walk">MID </LItem>
      </Links>
   </Context>
   

   <Context>
      <Keywords>
         <KItem Name="Walk.MID" />
      </Keywords>
      <Links>
         <LItem URL="ms-its:Walk.chm::/topic_000000000000006A.html" LinkGroup="Walk">MID - класс</LItem>
      </Links>
   </Context>
   

   <Context>
      <Keywords>
         <KItem Name="Walk.MLink" />
      </Keywords>
      <Links>
         <LItem URL="ms-its:Walk.chm::/topic_000000000000007C.html" LinkGroup="Walk">MLink - класс</LItem>
      </Links>
   </Context>
   

   <Context>
      <Keywords>
         <KItem Name="Walk.MLink.MLink" />
      </Keywords>
      <Links>
         <LItem URL="ms-its:Walk.chm::/topic_000000000000007D.html" LinkGroup="Walk">MLink - конструктор</LItem>
      </Links>
   </Context>
   

   <Context>
      <Keywords>
         <KItem Name="Walk.MLinkCollection" />
      </Keywords>
      <Links>
         <LItem URL="ms-its:Walk.chm::/topic_0000000000000089.html" LinkGroup="Walk">MLinkCollection - класс</LItem>
      </Links>
   </Context>
   

   <Context>
      <Keywords>
         <KItem Name="Walk.MLinkCollection.MLinkCollection" />
      </Keywords>
      <Links>
         <LItem URL="ms-its:Walk.chm::/topic_000000000000008B.html" LinkGroup="Walk">MLinkCollection - конструктор</LItem>
      </Links>
   </Context>
   

   <Context>
      <Keywords>
         <KItem Name="Walk.MLinkIdManager" />
      </Keywords>
      <Links>
         <LItem URL="ms-its:Walk.chm::/topic_000000000000008F.html" LinkGroup="Walk">MLinkIdManager - класс</LItem>
      </Links>
   </Context>
   

   <Context>
      <Keywords>
         <KItem Name="Walk.MLinkIdManager.MLinkIdManager" />
      </Keywords>
      <Links>
         <LItem URL="ms-its:Walk.chm::/topic_0000000000000090.html" LinkGroup="Walk">MLinkIdManager - конструктор</LItem>
      </Links>
   </Context>
   

   <Context>
      <Keywords>
         <KItem Name="Walk.MLog" />
      </Keywords>
      <Links>
         <LItem URL="ms-its:Walk.chm::/topic_0000000000000092.html" LinkGroup="Walk">MLog - класс</LItem>
      </Links>
   </Context>
   

   <Context>
      <Keywords>
         <KItem Name="Walk.MLog.MLog" />
      </Keywords>
      <Links>
         <LItem URL="ms-its:Walk.chm::/topic_0000000000000095.html" LinkGroup="Walk">MLog - конструктор</LItem>
      </Links>
   </Context>
   

   <Context>
      <Keywords>
         <KItem Name="Walk.MLogMessageClass" />
      </Keywords>
      <Links>
         <LItem URL="ms-its:Walk.chm::/topic_000000000000009B.html" LinkGroup="Walk">MLogMessageClass - перечисление</LItem>
      </Links>
   </Context>
   

   <Context>
      <Keywords>
         <KItem Name="Walk.MNetwork" />
      </Keywords>
      <Links>
         <LItem URL="ms-its:Walk.chm::/topic_00000000000000A0.html" LinkGroup="Walk">MNetwork - класс</LItem>
      </Links>
   </Context>
   

   <Context>
      <Keywords>
         <KItem Name="Walk.MNetwork.MNetwork" />
      </Keywords>
      <Links>
         <LItem URL="ms-its:Walk.chm::/topic_00000000000000A2.html" LinkGroup="Walk">MNetwork - конструктор</LItem>
      </Links>
   </Context>
   

   <Context>
      <Keywords>
         <KItem Name="Walk.MProject" />
      </Keywords>
      <Links>
         <LItem URL="ms-its:Walk.chm::/topic_00000000000000A6.html" LinkGroup="Walk">MProject - класс</LItem>
      </Links>
   </Context>
   

   <Context>
      <Keywords>
         <KItem Name="Walk.MProject.MProject" />
      </Keywords>
      <Links>
         <LItem URL="ms-its:Walk.chm::/topic_00000000000000AF.html" LinkGroup="Walk">MProject - конструктор</LItem>
      </Links>
   </Context>
   

   <Context>
      <Keywords>
         <KItem Name="Walk.MProjectInfo" />
      </Keywords>
      <Links>
         <LItem URL="ms-its:Walk.chm::/topic_00000000000000BB.html" LinkGroup="Walk">MProjectInfo - класс</LItem>
      </Links>
   </Context>
   

   <Context>
      <Keywords>
         <KItem Name="Walk.MProjectInfo.MProjectInfo" />
      </Keywords>
      <Links>
         <LItem URL="ms-its:Walk.chm::/topic_00000000000000D1.html" LinkGroup="Walk">MProjectInfo - конструктор</LItem>
      </Links>
   </Context>
   

   <Context>
      <Keywords>
         <KItem Name="Walk.MResource" />
      </Keywords>
      <Links>
         <LItem URL="ms-its:Walk.chm::/topic_00000000000000F2.html" LinkGroup="Walk">MResource - класс</LItem>
      </Links>
   </Context>
   

   <Context>
      <Keywords>
         <KItem Name="Walk.MResource.MResource" />
      </Keywords>
      <Links>
         <LItem URL="ms-its:Walk.chm::/topic_00000000000000F4.html" LinkGroup="Walk">MResource - конструктор</LItem>
      </Links>
   </Context>
   

   <Context>
      <Keywords>
         <KItem Name="Walk.MSnapshot" />
      </Keywords>
      <Links>
         <LItem URL="ms-its:Walk.chm::/topic_00000000000000F8.html" LinkGroup="Walk">MSnapshot - класс</LItem>
      </Links>
   </Context>
   

   <Context>
      <Keywords>
         <KItem Name="Walk.MSnapshot.MSnapshot" />
      </Keywords>
      <Links>
         <LItem URL="ms-its:Walk.chm::/topic_00000000000000FA.html" LinkGroup="Walk">MSnapshot - конструктор</LItem>
      </Links>
   </Context>
   

   <Context>
      <Keywords>
         <KItem Name="Walk.MUtility" />
      </Keywords>
      <Links>
         <LItem URL="ms-its:Walk.chm::/topic_00000000000000FE.html" LinkGroup="Walk">MUtility - класс</LItem>
      </Links>
   </Context>
   

   <Context>
      <Keywords>
         <KItem Name="Walk.MVersionInfo" />
      </Keywords>
      <Links>
         <LItem URL="ms-its:Walk.chm::/topic_0000000000000104.html" LinkGroup="Walk">MVersionInfo - класс</LItem>
      </Links>
   </Context>
   

   <Context>
      <Keywords>
         <KItem Name="Walk.MVersionInfo.MVersionInfo" />
      </Keywords>
      <Links>
         <LItem URL="ms-its:Walk.chm::/topic_0000000000000107.html" LinkGroup="Walk">MVersionInfo - конструктор</LItem>
      </Links>
   </Context>
   

   <Context>
      <Keywords>
         <KItem Name="Walk.MVersionInfo.MajorVersionNumber" />
      </Keywords>
      <Links>
         <LItem URL="ms-its:Walk.chm::/topic_0000000000000108.html" LinkGroup="Walk">MajorVersionNumber - свойство</LItem>
      </Links>
   </Context>
   

   <Context>
      <Keywords>
         <KItem Name="Walk.MProject.MethodFolderPath" />
      </Keywords>
      <Links>
         <LItem URL="ms-its:Walk.chm::/topic_00000000000000B5.html" LinkGroup="Walk">MethodFolderPath - свойство</LItem>
      </Links>
   </Context>
   

   <Context>
      <Keywords>
         <KItem Name="Walk.MVersionInfo.MinorVersionNumber" />
      </Keywords>
      <Links>
         <LItem URL="ms-its:Walk.chm::/topic_0000000000000109.html" LinkGroup="Walk">MinorVersionNumber - свойство</LItem>
      </Links>
   </Context>
   

   <Context>
      <Keywords>
         <KItem Name="Walk.MEngine.NetworkManager" />
      </Keywords>
      <Links>
         <LItem URL="ms-its:Walk.chm::/topic_0000000000000054.html" LinkGroup="Walk">NetworkManager - свойство</LItem>
      </Links>
   </Context>
   

   <Context>
      <Keywords>
         <KItem Name="Walk.MDbLayer.Open" />
      </Keywords>
      <Links>
         <LItem URL="ms-its:Walk.chm::/topic_000000000000002F.html" LinkGroup="Walk">Open - метод {Walk.MDbLayer}</LItem>
      </Links>
   </Context>
   

   <Context>
      <Keywords>
         <KItem Name="Walk.MEngine.Open" />
      </Keywords>
      <Links>
         <LItem URL="ms-its:Walk.chm::/topic_0000000000000061.html" LinkGroup="Walk">Open - метод {Walk.MEngine}</LItem>
      </Links>
   </Context>
   

   <Context>
      <Keywords>
         <KItem Name="Walk.MLog.Open" />
      </Keywords>
      <Links>
         <LItem URL="ms-its:Walk.chm::/topic_0000000000000096.html" LinkGroup="Walk">Open - метод {Walk.MLog}</LItem>
      </Links>
   </Context>
   

   <Context>
      <Keywords>
         <KItem Name="Walk.MNetwork.Open" />
      </Keywords>
      <Links>
         <LItem URL="ms-its:Walk.chm::/topic_00000000000000A3.html" LinkGroup="Walk">Open - метод {Walk.MNetwork}</LItem>
      </Links>
   </Context>
   

   <Context>
      <Keywords>
         <KItem Name="Walk.MProject.Open" />
      </Keywords>
      <Links>
         <LItem URL="ms-its:Walk.chm::/topic_00000000000000B6.html" LinkGroup="Walk">Open - метод {Walk.MProject}</LItem>
      </Links>
   </Context>
   

   <Context>
      <Keywords>
         <KItem Name="Walk.MResource.Open" />
      </Keywords>
      <Links>
         <LItem URL="ms-its:Walk.chm::/topic_00000000000000F5.html" LinkGroup="Walk">Open - метод {Walk.MResource}</LItem>
      </Links>
   </Context>
   

   <Context>
      <Keywords>
         <KItem Name="Walk.MSnapshot.Open" />
      </Keywords>
      <Links>
         <LItem URL="ms-its:Walk.chm::/topic_00000000000000FB.html" LinkGroup="Walk">Open - метод {Walk.MSnapshot}</LItem>
      </Links>
   </Context>
   

   <Context>
      <Keywords>
         <KItem Name="Walk.MProjectInfo.PortNumber" />
      </Keywords>
      <Links>
         <LItem URL="ms-its:Walk.chm::/topic_00000000000000DC.html" LinkGroup="Walk">PortNumber - свойство</LItem>
      </Links>
   </Context>
   

   <Context>
      <Keywords>
         <KItem Name="Walk.MProject.ProjectClose" />
      </Keywords>
      <Links>
         <LItem URL="ms-its:Walk.chm::/topic_00000000000000B9.html" LinkGroup="Walk">ProjectClose - метод</LItem>
      </Links>
   </Context>
   

   <Context>
      <Keywords>
         <KItem Name="Walk.MProjectInfo.ProjectDescription" />
      </Keywords>
      <Links>
         <LItem URL="ms-its:Walk.chm::/topic_00000000000000D4.html" LinkGroup="Walk">ProjectDescription - свойство</LItem>
      </Links>
   </Context>
   

   <Context>
      <Keywords>
         <KItem Name="Walk.MEngine.ProjectFile" />
      </Keywords>
      <Links>
         <LItem URL="ms-its:Walk.chm::/topic_000000000000004A.html" LinkGroup="Walk">ProjectFile - свойство</LItem>
      </Links>
   </Context>
   

   <Context>
      <Keywords>
         <KItem Name="Walk.MProjectInfo.ProjectFilePath" />
      </Keywords>
      <Links>
         <LItem URL="ms-its:Walk.chm::/topic_00000000000000D8.html" LinkGroup="Walk">ProjectFilePath - свойство</LItem>
      </Links>
   </Context>
   

   <Context>
      <Keywords>
         <KItem Name="Walk.MProject.ProjectFolderPath" />
      </Keywords>
      <Links>
         <LItem URL="ms-its:Walk.chm::/topic_00000000000000B1.html" LinkGroup="Walk">ProjectFolderPath - свойство</LItem>
      </Links>
   </Context>
   

   <Context>
      <Keywords>
         <KItem Name="Walk.MProjectInfo.ProjectId" />
      </Keywords>
      <Links>
         <LItem URL="ms-its:Walk.chm::/topic_00000000000000D2.html" LinkGroup="Walk">ProjectId - свойство</LItem>
      </Links>
   </Context>
   

   <Context>
      <Keywords>
         <KItem Name="Walk.MEngine.ProjectManager" />
      </Keywords>
      <Links>
         <LItem URL="ms-its:Walk.chm::/topic_0000000000000051.html" LinkGroup="Walk">ProjectManager - свойство</LItem>
      </Links>
   </Context>
   

   <Context>
      <Keywords>
         <KItem Name="Walk.MProjectInfo.ProjectName" />
      </Keywords>
      <Links>
         <LItem URL="ms-its:Walk.chm::/topic_00000000000000D3.html" LinkGroup="Walk">ProjectName - свойство</LItem>
      </Links>
   </Context>
   

   <Context>
      <Keywords>
         <KItem Name="Walk.MProject.ProjectOpen" />
      </Keywords>
      <Links>
         <LItem URL="ms-its:Walk.chm::/topic_00000000000000B8.html" LinkGroup="Walk">ProjectOpen - метод</LItem>
      </Links>
   </Context>
   

   <Context>
      <Keywords>
         <KItem Name="Walk.MProject.ResourceFolderPath" />
      </Keywords>
      <Links>
         <LItem URL="ms-its:Walk.chm::/topic_00000000000000B3.html" LinkGroup="Walk">ResourceFolderPath - свойство</LItem>
      </Links>
   </Context>
   

   <Context>
      <Keywords>
         <KItem Name="Walk.MEngine.ResourceManager" />
      </Keywords>
      <Links>
         <LItem URL="ms-its:Walk.chm::/topic_0000000000000052.html" LinkGroup="Walk">ResourceManager - свойство</LItem>
      </Links>
   </Context>
   

   <Context>
      <Keywords>
         <KItem Name="Walk.MProjectInfo.Save" />
      </Keywords>
      <Links>
         <LItem URL="ms-its:Walk.chm::/topic_00000000000000EC.html" LinkGroup="Walk">Save - метод</LItem>
      </Links>
   </Context>
   

   <Context>
      <Keywords>
         <KItem Name="Walk.MProject.SnapshotFolderPath" />
      </Keywords>
      <Links>
         <LItem URL="ms-its:Walk.chm::/topic_00000000000000B2.html" LinkGroup="Walk">SnapshotFolderPath - свойство</LItem>
      </Links>
   </Context>
   

   <Context>
      <Keywords>
         <KItem Name="Walk.MEngine.SnapshotManager" />
      </Keywords>
      <Links>
         <LItem URL="ms-its:Walk.chm::/topic_0000000000000053.html" LinkGroup="Walk">SnapshotManager - свойство</LItem>
      </Links>
   </Context>
   

   <Context>
      <Keywords>
         <KItem Name="Walk.MProjectInfo.SnapshotNumber" />
      </Keywords>
      <Links>
         <LItem URL="ms-its:Walk.chm::/topic_00000000000000E5.html" LinkGroup="Walk">SnapshotNumber - свойство</LItem>
      </Links>
   </Context>
   

   <Context>
      <Keywords>
         <KItem Name="Walk.MProjectInfo.Timeout" />
      </Keywords>
      <Links>
         <LItem URL="ms-its:Walk.chm::/topic_00000000000000DD.html" LinkGroup="Walk">Timeout - свойство</LItem>
      </Links>
   </Context>
   

   <Context>
      <Keywords>
         <KItem Name="Walk.MCellIdManager.ToString" />
      </Keywords>
      <Links>
         <LItem URL="ms-its:Walk.chm::/topic_0000000000000021.html" LinkGroup="Walk">ToString - метод {Walk.MCellIdManager}</LItem>
      </Links>
   </Context>
   

   <Context>
      <Keywords>
         <KItem Name="Walk.MCell.ToString" />
      </Keywords>
      <Links>
         <LItem URL="ms-its:Walk.chm::/topic_000000000000000F.html" LinkGroup="Walk">ToString - метод {Walk.MCell}</LItem>
      </Links>
   </Context>
   

   <Context>
      <Keywords>
         <KItem Name="Walk.MDbLayer.ToString" />
      </Keywords>
      <Links>
         <LItem URL="ms-its:Walk.chm::/topic_0000000000000031.html" LinkGroup="Walk">ToString - метод {Walk.MDbLayer}</LItem>
      </Links>
   </Context>
   

   <Context>
      <Keywords>
         <KItem Name="Walk.MElementIdManager.ToString" />
      </Keywords>
      <Links>
         <LItem URL="ms-its:Walk.chm::/topic_0000000000000037.html" LinkGroup="Walk">ToString - метод {Walk.MElementIdManager}</LItem>
      </Links>
   </Context>
   

   <Context>
      <Keywords>
         <KItem Name="Walk.MEngine.ToString" />
      </Keywords>
      <Links>
         <LItem URL="ms-its:Walk.chm::/topic_0000000000000063.html" LinkGroup="Walk">ToString - метод {Walk.MEngine}</LItem>
      </Links>
   </Context>
   

   <Context>
      <Keywords>
         <KItem Name="Walk.MID.ToString" />
      </Keywords>
      <Links>
         <LItem URL="ms-its:Walk.chm::/topic_0000000000000079.html" LinkGroup="Walk">ToString - метод {Walk.MID}</LItem>
      </Links>
   </Context>
   

   <Context>
      <Keywords>
         <KItem Name="Walk.MLinkCollection.ToString" />
      </Keywords>
      <Links>
         <LItem URL="ms-its:Walk.chm::/topic_000000000000008E.html" LinkGroup="Walk">ToString - метод {Walk.MLinkCollection}</LItem>
      </Links>
   </Context>
   

   <Context>
      <Keywords>
         <KItem Name="Walk.MLinkIdManager.ToString" />
      </Keywords>
      <Links>
         <LItem URL="ms-its:Walk.chm::/topic_0000000000000091.html" LinkGroup="Walk">ToString - метод {Walk.MLinkIdManager}</LItem>
      </Links>
   </Context>
   

   <Context>
      <Keywords>
         <KItem Name="Walk.MLink.ToString" />
      </Keywords>
      <Links>
         <LItem URL="ms-its:Walk.chm::/topic_000000000000007E.html" LinkGroup="Walk">ToString - метод {Walk.MLink}</LItem>
      </Links>
   </Context>
   

   <Context>
      <Keywords>
         <KItem Name="Walk.MLog.ToString" />
      </Keywords>
      <Links>
         <LItem URL="ms-its:Walk.chm::/topic_000000000000009A.html" LinkGroup="Walk">ToString - метод {Walk.MLog}</LItem>
      </Links>
   </Context>
   

   <Context>
      <Keywords>
         <KItem Name="Walk.MNetwork.ToString" />
      </Keywords>
      <Links>
         <LItem URL="ms-its:Walk.chm::/topic_00000000000000A5.html" LinkGroup="Walk">ToString - метод {Walk.MNetwork}</LItem>
      </Links>
   </Context>
   

   <Context>
      <Keywords>
         <KItem Name="Walk.MProjectInfo.ToString" />
      </Keywords>
      <Links>
         <LItem URL="ms-its:Walk.chm::/topic_00000000000000F1.html" LinkGroup="Walk">ToString - метод {Walk.MProjectInfo}</LItem>
      </Links>
   </Context>
   

   <Context>
      <Keywords>
         <KItem Name="Walk.MProject.ToString" />
      </Keywords>
      <Links>
         <LItem URL="ms-its:Walk.chm::/topic_00000000000000BA.html" LinkGroup="Walk">ToString - метод {Walk.MProject}</LItem>
      </Links>
   </Context>
   

   <Context>
      <Keywords>
         <KItem Name="Walk.MResource.ToString" />
      </Keywords>
      <Links>
         <LItem URL="ms-its:Walk.chm::/topic_00000000000000F7.html" LinkGroup="Walk">ToString - метод {Walk.MResource}</LItem>
      </Links>
   </Context>
   

   <Context>
      <Keywords>
         <KItem Name="Walk.MSnapshot.ToString" />
      </Keywords>
      <Links>
         <LItem URL="ms-its:Walk.chm::/topic_00000000000000FD.html" LinkGroup="Walk">ToString - метод {Walk.MSnapshot}</LItem>
      </Links>
   </Context>
   

   <Context>
      <Keywords>
         <KItem Name="Walk.MVersionInfo.ToString" />
      </Keywords>
      <Links>
         <LItem URL="ms-its:Walk.chm::/topic_0000000000000111.html" LinkGroup="Walk">ToString - метод {Walk.MVersionInfo}</LItem>
      </Links>
   </Context>
   

   <Context>
      <Keywords>
         <KItem Name="Walk.MID.ToU64" />
      </Keywords>
      <Links>
         <LItem URL="ms-its:Walk.chm::/topic_000000000000007B.html" LinkGroup="Walk">ToU64 - метод</LItem>
      </Links>
   </Context>
   

   <Context>
      <Keywords>
         <KItem Name="Walk.MProjectInfo.UseIntegratedSecurity" />
      </Keywords>
      <Links>
         <LItem URL="ms-its:Walk.chm::/topic_00000000000000E0.html" LinkGroup="Walk">UseIntegratedSecurity - свойство</LItem>
      </Links>
   </Context>
   

   <Context>
      <Keywords>
         <KItem Name="Walk.MProjectInfo.UserName" />
      </Keywords>
      <Links>
         <LItem URL="ms-its:Walk.chm::/topic_00000000000000DE.html" LinkGroup="Walk">UserName - свойство</LItem>
      </Links>
   </Context>
   

   <Context>
      <Keywords>
         <KItem Name="Walk.MProjectInfo.UserPassword" />
      </Keywords>
      <Links>
         <LItem URL="ms-its:Walk.chm::/topic_00000000000000DF.html" LinkGroup="Walk">UserPassword - свойство</LItem>
      </Links>
   </Context>
   

   <Context>
      <Keywords>
         <KItem Name="Walk" />
      </Keywords>
      <Links>
         <LItem URL="ms-its:Walk.chm::/topic_0000000000000000.html" LinkGroup="Walk">Walk - пространство имен</LItem>
      </Links>
   </Context>
   

   <Context>
      <Keywords>
         <KItem Name="Walk Reference" />
      </Keywords>
      <Links>
         <LItem URL="ms-its:Walk.chm::/topic_0000000000000117.html" LinkGroup="Walk">Walk Reference</LItem>
      </Links>
   </Context>
   

   <Context>
      <Keywords>
         <KItem Name="Walk.Serialization" />
      </Keywords>
      <Links>
         <LItem URL="ms-its:Walk.chm::/topic_0000000000000112.html" LinkGroup="Walk">Walk.Serialization - пространство имен</LItem>
      </Links>
   </Context>
   

   <Context>
      <Keywords>
         <KItem Name="Walk.MLog.addSimpleText" />
      </Keywords>
      <Links>
         <LItem URL="ms-its:Walk.chm::/topic_0000000000000098.html" LinkGroup="Walk">addSimpleText - метод</LItem>
      </Links>
   </Context>
   

   <Context>
      <Keywords>
         <KItem Name="Walk.MUtility.createXmlSafeString" />
      </Keywords>
      <Links>
         <LItem URL="ms-its:Walk.chm::/topic_0000000000000103.html" LinkGroup="Walk">createXmlSafeString - метод</LItem>
      </Links>
   </Context>
   

   <Context>
      <Keywords>
         <KItem Name="Walk.ImSerializable.fromBinary" />
      </Keywords>
      <Links>
         <LItem URL="ms-its:Walk.chm::/topic_000000000000000A.html" LinkGroup="Walk">fromBinary - метод {Walk.ImSerializable}</LItem>
      </Links>
   </Context>
   

   <Context>
      <Keywords>
         <KItem Name="Walk.MCell.fromBinary" />
      </Keywords>
      <Links>
         <LItem URL="ms-its:Walk.chm::/topic_0000000000000017.html" LinkGroup="Walk">fromBinary - метод {Walk.MCell}</LItem>
      </Links>
   </Context>
   

   <Context>
      <Keywords>
         <KItem Name="Walk.MEngine.fromBinary" />
      </Keywords>
      <Links>
         <LItem URL="ms-its:Walk.chm::/topic_000000000000005E.html" LinkGroup="Walk">fromBinary - метод {Walk.MEngine}</LItem>
      </Links>
   </Context>
   

   <Context>
      <Keywords>
         <KItem Name="Walk.MID.fromBinary" />
      </Keywords>
      <Links>
         <LItem URL="ms-its:Walk.chm::/topic_0000000000000073.html" LinkGroup="Walk">fromBinary - метод {Walk.MID}</LItem>
      </Links>
   </Context>
   

   <Context>
      <Keywords>
         <KItem Name="Walk.MLink.fromBinary" />
      </Keywords>
      <Links>
         <LItem URL="ms-its:Walk.chm::/topic_0000000000000086.html" LinkGroup="Walk">fromBinary - метод {Walk.MLink}</LItem>
      </Links>
   </Context>
   

   <Context>
      <Keywords>
         <KItem Name="Walk.MProjectInfo.fromBinary" />
      </Keywords>
      <Links>
         <LItem URL="ms-its:Walk.chm::/topic_00000000000000E9.html" LinkGroup="Walk">fromBinary - метод {Walk.MProjectInfo}</LItem>
      </Links>
   </Context>
   

   <Context>
      <Keywords>
         <KItem Name="Walk.MVersionInfo.fromBinary" />
      </Keywords>
      <Links>
         <LItem URL="ms-its:Walk.chm::/topic_000000000000010B.html" LinkGroup="Walk">fromBinary - метод {Walk.MVersionInfo}</LItem>
      </Links>
   </Context>
   

   <Context>
      <Keywords>
         <KItem Name="Walk.ImSerializable.fromText" />
      </Keywords>
      <Links>
         <LItem URL="ms-its:Walk.chm::/topic_000000000000000C.html" LinkGroup="Walk">fromText - метод {Walk.ImSerializable}</LItem>
      </Links>
   </Context>
   

   <Context>
      <Keywords>
         <KItem Name="Walk.MCell.fromText" />
      </Keywords>
      <Links>
         <LItem URL="ms-its:Walk.chm::/topic_0000000000000019.html" LinkGroup="Walk">fromText - метод {Walk.MCell}</LItem>
      </Links>
   </Context>
   

   <Context>
      <Keywords>
         <KItem Name="Walk.MEngine.fromText" />
      </Keywords>
      <Links>
         <LItem URL="ms-its:Walk.chm::/topic_0000000000000060.html" LinkGroup="Walk">fromText - метод {Walk.MEngine}</LItem>
      </Links>
   </Context>
   

   <Context>
      <Keywords>
         <KItem Name="Walk.MID.fromText" />
      </Keywords>
      <Links>
         <LItem URL="ms-its:Walk.chm::/topic_0000000000000075.html" LinkGroup="Walk">fromText - метод {Walk.MID}</LItem>
      </Links>
   </Context>
   

   <Context>
      <Keywords>
         <KItem Name="Walk.MLink.fromText" />
      </Keywords>
      <Links>
         <LItem URL="ms-its:Walk.chm::/topic_0000000000000088.html" LinkGroup="Walk">fromText - метод {Walk.MLink}</LItem>
      </Links>
   </Context>
   

   <Context>
      <Keywords>
         <KItem Name="Walk.MProjectInfo.fromText" />
      </Keywords>
      <Links>
         <LItem URL="ms-its:Walk.chm::/topic_00000000000000EB.html" LinkGroup="Walk">fromText - метод {Walk.MProjectInfo}</LItem>
      </Links>
   </Context>
   

   <Context>
      <Keywords>
         <KItem Name="Walk.MVersionInfo.fromText" />
      </Keywords>
      <Links>
         <LItem URL="ms-its:Walk.chm::/topic_000000000000010D.html" LinkGroup="Walk">fromText - метод {Walk.MVersionInfo}</LItem>
      </Links>
   </Context>
   

   <Context>
      <Keywords>
         <KItem Name="Walk.MUtility.getHexChar" />
      </Keywords>
      <Links>
         <LItem URL="ms-its:Walk.chm::/topic_0000000000000101.html" LinkGroup="Walk">getHexChar - метод</LItem>
      </Links>
   </Context>
   

   <Context>
      <Keywords>
         <KItem Name="Walk.MLog.getLogPathname" />
      </Keywords>
      <Links>
         <LItem URL="ms-its:Walk.chm::/topic_0000000000000099.html" LinkGroup="Walk">getLogPathname - метод</LItem>
      </Links>
   </Context>
   

   <Context>
      <Keywords>
         <KItem Name="Walk.MProjectInfo.getProjectDirectory" />
      </Keywords>
      <Links>
         <LItem URL="ms-its:Walk.chm::/topic_00000000000000EE.html" LinkGroup="Walk">getProjectDirectory - метод</LItem>
      </Links>
   </Context>
   

   <Context>
      <Keywords>
         <KItem Name="Walk.MProjectInfo.getProjectName16" />
      </Keywords>
      <Links>
         <LItem URL="ms-its:Walk.chm::/topic_00000000000000EF.html" LinkGroup="Walk">getProjectName16 - метод</LItem>
      </Links>
   </Context>
   

   <Context>
      <Keywords>
         <KItem Name="Walk.MVersionInfo.isCompatibleVersion" />
      </Keywords>
      <Links>
         <LItem URL="ms-its:Walk.chm::/topic_0000000000000110.html" LinkGroup="Walk">isCompatibleVersion - метод</LItem>
      </Links>
   </Context>
   

   <Context>
      <Keywords>
         <KItem Name="Walk.MUtility.isHexDigit" />
      </Keywords>
      <Links>
         <LItem URL="ms-its:Walk.chm::/topic_0000000000000102.html" LinkGroup="Walk">isHexDigit - метод</LItem>
      </Links>
   </Context>
   

   <Context>
      <Keywords>
         <KItem Name="Walk.MProject.m_LogFileExtension" />
      </Keywords>
      <Links>
         <LItem URL="ms-its:Walk.chm::/topic_00000000000000AE.html" LinkGroup="Walk">m_LogFileExtension - поле</LItem>
      </Links>
   </Context>
   

   <Context>
      <Keywords>
         <KItem Name="Walk.MProject.m_LogFolderName" />
      </Keywords>
      <Links>
         <LItem URL="ms-its:Walk.chm::/topic_00000000000000A9.html" LinkGroup="Walk">m_LogFolderName - поле</LItem>
      </Links>
   </Context>
   

   <Context>
      <Keywords>
         <KItem Name="Walk.MProject.m_MethodFolderName" />
      </Keywords>
      <Links>
         <LItem URL="ms-its:Walk.chm::/topic_00000000000000AA.html" LinkGroup="Walk">m_MethodFolderName - поле</LItem>
      </Links>
   </Context>
   

   <Context>
      <Keywords>
         <KItem Name="Walk.MProject.m_ProjectFileExtension" />
      </Keywords>
      <Links>
         <LItem URL="ms-its:Walk.chm::/topic_00000000000000AC.html" LinkGroup="Walk">m_ProjectFileExtension - поле</LItem>
      </Links>
   </Context>
   

   <Context>
      <Keywords>
         <KItem Name="Walk.MProject.m_ResourceFolderName" />
      </Keywords>
      <Links>
         <LItem URL="ms-its:Walk.chm::/topic_00000000000000AB.html" LinkGroup="Walk">m_ResourceFolderName - поле</LItem>
      </Links>
   </Context>
   

   <Context>
      <Keywords>
         <KItem Name="Walk.MProject.m_SnapshotFileExtension" />
      </Keywords>
      <Links>
         <LItem URL="ms-its:Walk.chm::/topic_00000000000000AD.html" LinkGroup="Walk">m_SnapshotFileExtension - поле</LItem>
      </Links>
   </Context>
   

   <Context>
      <Keywords>
         <KItem Name="Walk.MProject.m_SnapshotFolderName" />
      </Keywords>
      <Links>
         <LItem URL="ms-its:Walk.chm::/topic_00000000000000A8.html" LinkGroup="Walk">m_SnapshotFolderName - поле</LItem>
      </Links>
   </Context>
   

   <Context>
      <Keywords>
         <KItem Name="Walk.MEngine.m_cellCollection" />
      </Keywords>
      <Links>
         <LItem URL="ms-its:Walk.chm::/topic_000000000000003F.html" LinkGroup="Walk">m_cellCollection - поле</LItem>
      </Links>
   </Context>
   

   <Context>
      <Keywords>
         <KItem Name="Walk.MEngine.m_cellIdMan" />
      </Keywords>
      <Links>
         <LItem URL="ms-its:Walk.chm::/topic_000000000000003D.html" LinkGroup="Walk">m_cellIdMan - поле</LItem>
      </Links>
   </Context>
   

   <Context>
      <Keywords>
         <KItem Name="Walk.MDbLayer.m_container" />
      </Keywords>
      <Links>
         <LItem URL="ms-its:Walk.chm::/topic_000000000000002D.html" LinkGroup="Walk">m_container - поле {Walk.MDbLayer}</LItem>
      </Links>
   </Context>
   

   <Context>
      <Keywords>
         <KItem Name="Walk.MLog.m_container" />
      </Keywords>
      <Links>
         <LItem URL="ms-its:Walk.chm::/topic_0000000000000094.html" LinkGroup="Walk">m_container - поле {Walk.MLog}</LItem>
      </Links>
   </Context>
   

   <Context>
      <Keywords>
         <KItem Name="Walk.MNetwork.m_container" />
      </Keywords>
      <Links>
         <LItem URL="ms-its:Walk.chm::/topic_00000000000000A1.html" LinkGroup="Walk">m_container - поле {Walk.MNetwork}</LItem>
      </Links>
   </Context>
   

   <Context>
      <Keywords>
         <KItem Name="Walk.MProject.m_container" />
      </Keywords>
      <Links>
         <LItem URL="ms-its:Walk.chm::/topic_00000000000000A7.html" LinkGroup="Walk">m_container - поле {Walk.MProject}</LItem>
      </Links>
   </Context>
   

   <Context>
      <Keywords>
         <KItem Name="Walk.MResource.m_container" />
      </Keywords>
      <Links>
         <LItem URL="ms-its:Walk.chm::/topic_00000000000000F3.html" LinkGroup="Walk">m_container - поле {Walk.MResource}</LItem>
      </Links>
   </Context>
   

   <Context>
      <Keywords>
         <KItem Name="Walk.MSnapshot.m_container" />
      </Keywords>
      <Links>
         <LItem URL="ms-its:Walk.chm::/topic_00000000000000F9.html" LinkGroup="Walk">m_container - поле {Walk.MSnapshot}</LItem>
      </Links>
   </Context>
   

   <Context>
      <Keywords>
         <KItem Name="Walk.MEngine.m_containerId" />
      </Keywords>
      <Links>
         <LItem URL="ms-its:Walk.chm::/topic_000000000000003C.html" LinkGroup="Walk">m_containerId - поле</LItem>
      </Links>
   </Context>
   

   <Context>
      <Keywords>
         <KItem Name="Walk.MProjectInfo.m_containerIsActive" />
      </Keywords>
      <Links>
         <LItem URL="ms-its:Walk.chm::/topic_00000000000000C2.html" LinkGroup="Walk">m_containerIsActive - поле</LItem>
      </Links>
   </Context>
   

   <Context>
      <Keywords>
         <KItem Name="Walk.MProjectInfo.m_containerServiceFlag" />
      </Keywords>
      <Links>
         <LItem URL="ms-its:Walk.chm::/topic_00000000000000C3.html" LinkGroup="Walk">m_containerServiceFlag - поле</LItem>
      </Links>
   </Context>
   

   <Context>
      <Keywords>
         <KItem Name="Walk.MProjectInfo.m_containerStateId_U64" />
      </Keywords>
      <Links>
         <LItem URL="ms-its:Walk.chm::/topic_00000000000000C4.html" LinkGroup="Walk">m_containerStateId_U64 - поле</LItem>
      </Links>
   </Context>
   

   <Context>
      <Keywords>
         <KItem Name="Walk.MID.m_containerid" />
      </Keywords>
      <Links>
         <LItem URL="ms-its:Walk.chm::/topic_000000000000006C.html" LinkGroup="Walk">m_containerid - поле</LItem>
      </Links>
   </Context>
   

   <Context>
      <Keywords>
         <KItem Name="Walk.MProjectInfo.m_creadate" />
      </Keywords>
      <Links>
         <LItem URL="ms-its:Walk.chm::/topic_00000000000000BC.html" LinkGroup="Walk">m_creadate - поле</LItem>
      </Links>
   </Context>
   

   <Context>
      <Keywords>
         <KItem Name="Walk.MEngine.m_currContainer" />
      </Keywords>
      <Links>
         <LItem URL="ms-its:Walk.chm::/topic_0000000000000039.html" LinkGroup="Walk">m_currContainer - поле</LItem>
      </Links>
   </Context>
   

   <Context>
      <Keywords>
         <KItem Name="Walk.MEngine.m_dbLayer" />
      </Keywords>
      <Links>
         <LItem URL="ms-its:Walk.chm::/topic_0000000000000041.html" LinkGroup="Walk">m_dbLayer - поле</LItem>
      </Links>
   </Context>
   

   <Context>
      <Keywords>
         <KItem Name="Walk.MProjectInfo.m_dbServerPath" />
      </Keywords>
      <Links>
         <LItem URL="ms-its:Walk.chm::/topic_00000000000000CB.html" LinkGroup="Walk">m_dbServerPath - поле</LItem>
      </Links>
   </Context>
   

   <Context>
      <Keywords>
         <KItem Name="Walk.MProjectInfo.m_dbname" />
      </Keywords>
      <Links>
         <LItem URL="ms-its:Walk.chm::/topic_00000000000000CA.html" LinkGroup="Walk">m_dbname - поле</LItem>
      </Links>
   </Context>
   

   <Context>
      <Keywords>
         <KItem Name="Walk.MProjectInfo.m_dbport" />
      </Keywords>
      <Links>
         <LItem URL="ms-its:Walk.chm::/topic_00000000000000CF.html" LinkGroup="Walk">m_dbport - поле</LItem>
      </Links>
   </Context>
   

   <Context>
      <Keywords>
         <KItem Name="Walk.MProjectInfo.m_dbtimeout" />
      </Keywords>
      <Links>
         <LItem URL="ms-its:Walk.chm::/topic_00000000000000CE.html" LinkGroup="Walk">m_dbtimeout - поле</LItem>
      </Links>
   </Context>
   

   <Context>
      <Keywords>
         <KItem Name="Walk.MProjectInfo.m_dbtype" />
      </Keywords>
      <Links>
         <LItem URL="ms-its:Walk.chm::/topic_00000000000000C9.html" LinkGroup="Walk">m_dbtype - поле</LItem>
      </Links>
   </Context>
   

   <Context>
      <Keywords>
         <KItem Name="Walk.MProjectInfo.m_defaultCellMode" />
      </Keywords>
      <Links>
         <LItem URL="ms-its:Walk.chm::/topic_00000000000000C8.html" LinkGroup="Walk">m_defaultCellMode - поле</LItem>
      </Links>
   </Context>
   

   <Context>
      <Keywords>
         <KItem Name="Walk.MID.m_elementid" />
      </Keywords>
      <Links>
         <LItem URL="ms-its:Walk.chm::/topic_000000000000006B.html" LinkGroup="Walk">m_elementid - поле</LItem>
      </Links>
   </Context>
   

   <Context>
      <Keywords>
         <KItem Name="Walk.MEngine.m_engineState" />
      </Keywords>
      <Links>
         <LItem URL="ms-its:Walk.chm::/topic_000000000000003B.html" LinkGroup="Walk">m_engineState - поле</LItem>
      </Links>
   </Context>
   

   <Context>
      <Keywords>
         <KItem Name="Walk.MCellCollection.m_items" />
      </Keywords>
      <Links>
         <LItem URL="ms-its:Walk.chm::/topic_000000000000001B.html" LinkGroup="Walk">m_items - поле {Walk.MCellCollection}</LItem>
      </Links>
   </Context>
   

   <Context>
      <Keywords>
         <KItem Name="Walk.MLinkCollection.m_items" />
      </Keywords>
      <Links>
         <LItem URL="ms-its:Walk.chm::/topic_000000000000008A.html" LinkGroup="Walk">m_items - поле {Walk.MLinkCollection}</LItem>
      </Links>
   </Context>
   

   <Context>
      <Keywords>
         <KItem Name="Walk.MEngine.m_linkCollection" />
      </Keywords>
      <Links>
         <LItem URL="ms-its:Walk.chm::/topic_0000000000000040.html" LinkGroup="Walk">m_linkCollection - поле</LItem>
      </Links>
   </Context>
   

   <Context>
      <Keywords>
         <KItem Name="Walk.MEngine.m_linkIdMan" />
      </Keywords>
      <Links>
         <LItem URL="ms-its:Walk.chm::/topic_000000000000003E.html" LinkGroup="Walk">m_linkIdMan - поле</LItem>
      </Links>
   </Context>
   

   <Context>
      <Keywords>
         <KItem Name="Walk.MEngine.m_logManager" />
      </Keywords>
      <Links>
         <LItem URL="ms-its:Walk.chm::/topic_0000000000000042.html" LinkGroup="Walk">m_logManager - поле</LItem>
      </Links>
   </Context>
   

   <Context>
      <Keywords>
         <KItem Name="Walk.MProjectInfo.m_logdetails" />
      </Keywords>
      <Links>
         <LItem URL="ms-its:Walk.chm::/topic_00000000000000C7.html" LinkGroup="Walk">m_logdetails - поле</LItem>
      </Links>
   </Context>
   

   <Context>
      <Keywords>
         <KItem Name="Walk.MProjectInfo.m_logfileNumber" />
      </Keywords>
      <Links>
         <LItem URL="ms-its:Walk.chm::/topic_00000000000000C6.html" LinkGroup="Walk">m_logfileNumber - поле</LItem>
      </Links>
   </Context>
   

   <Context>
      <Keywords>
         <KItem Name="Walk.MElementIdManager.m_maxConstId" />
      </Keywords>
      <Links>
         <LItem URL="ms-its:Walk.chm::/topic_0000000000000035.html" LinkGroup="Walk">m_maxConstId - поле</LItem>
      </Links>
   </Context>
   

   <Context>
      <Keywords>
         <KItem Name="Walk.MElementIdManager.m_maxTempId" />
      </Keywords>
      <Links>
         <LItem URL="ms-its:Walk.chm::/topic_0000000000000034.html" LinkGroup="Walk">m_maxTempId - поле</LItem>
      </Links>
   </Context>
   

   <Context>
      <Keywords>
         <KItem Name="Walk.MEngine.m_netManager" />
      </Keywords>
      <Links>
         <LItem URL="ms-its:Walk.chm::/topic_0000000000000046.html" LinkGroup="Walk">m_netManager - поле</LItem>
      </Links>
   </Context>
   

   <Context>
      <Keywords>
         <KItem Name="Walk.MEngine.m_prjFile" />
      </Keywords>
      <Links>
         <LItem URL="ms-its:Walk.chm::/topic_000000000000003A.html" LinkGroup="Walk">m_prjFile - поле</LItem>
      </Links>
   </Context>
   

   <Context>
      <Keywords>
         <KItem Name="Walk.MEngine.m_prjManager" />
      </Keywords>
      <Links>
         <LItem URL="ms-its:Walk.chm::/topic_0000000000000043.html" LinkGroup="Walk">m_prjManager - поле</LItem>
      </Links>
   </Context>
   

   <Context>
      <Keywords>
         <KItem Name="Walk.MProjectInfo.m_prjdescr" />
      </Keywords>
      <Links>
         <LItem URL="ms-its:Walk.chm::/topic_00000000000000BD.html" LinkGroup="Walk">m_prjdescr - поле</LItem>
      </Links>
   </Context>
   

   <Context>
      <Keywords>
         <KItem Name="Walk.MProjectInfo.m_prjfile" />
      </Keywords>
      <Links>
         <LItem URL="ms-its:Walk.chm::/topic_00000000000000C0.html" LinkGroup="Walk">m_prjfile - поле</LItem>
      </Links>
   </Context>
   

   <Context>
      <Keywords>
         <KItem Name="Walk.MProjectInfo.m_prjname" />
      </Keywords>
      <Links>
         <LItem URL="ms-its:Walk.chm::/topic_00000000000000BE.html" LinkGroup="Walk">m_prjname - поле</LItem>
      </Links>
   </Context>
   

   <Context>
      <Keywords>
         <KItem Name="Walk.MProjectInfo.m_prjversion" />
      </Keywords>
      <Links>
         <LItem URL="ms-its:Walk.chm::/topic_00000000000000C1.html" LinkGroup="Walk">m_prjversion - поле</LItem>
      </Links>
   </Context>
   

   <Context>
      <Keywords>
         <KItem Name="Walk.MProjectInfo.m_projectid" />
      </Keywords>
      <Links>
         <LItem URL="ms-its:Walk.chm::/topic_00000000000000BF.html" LinkGroup="Walk">m_projectid - поле</LItem>
      </Links>
   </Context>
   

   <Context>
      <Keywords>
         <KItem Name="Walk.MEngine.m_resourceManager" />
      </Keywords>
      <Links>
         <LItem URL="ms-its:Walk.chm::/topic_0000000000000045.html" LinkGroup="Walk">m_resourceManager - поле</LItem>
      </Links>
   </Context>
   

   <Context>
      <Keywords>
         <KItem Name="Walk.MEngine.m_snapshotManager" />
      </Keywords>
      <Links>
         <LItem URL="ms-its:Walk.chm::/topic_0000000000000044.html" LinkGroup="Walk">m_snapshotManager - поле</LItem>
      </Links>
   </Context>
   

   <Context>
      <Keywords>
         <KItem Name="Walk.MProjectInfo.m_snapshotNumber" />
      </Keywords>
      <Links>
         <LItem URL="ms-its:Walk.chm::/topic_00000000000000C5.html" LinkGroup="Walk">m_snapshotNumber - поле</LItem>
      </Links>
   </Context>
   

   <Context>
      <Keywords>
         <KItem Name="Walk.MProjectInfo.m_useIntegratedSecurity" />
      </Keywords>
      <Links>
         <LItem URL="ms-its:Walk.chm::/topic_00000000000000D0.html" LinkGroup="Walk">m_useIntegratedSecurity - поле</LItem>
      </Links>
   </Context>
   

   <Context>
      <Keywords>
         <KItem Name="Walk.MProjectInfo.m_username" />
      </Keywords>
      <Links>
         <LItem URL="ms-its:Walk.chm::/topic_00000000000000CC.html" LinkGroup="Walk">m_username - поле</LItem>
      </Links>
   </Context>
   

   <Context>
      <Keywords>
         <KItem Name="Walk.MProjectInfo.m_userpass" />
      </Keywords>
      <Links>
         <LItem URL="ms-its:Walk.chm::/topic_00000000000000CD.html" LinkGroup="Walk">m_userpass - поле</LItem>
      </Links>
   </Context>
   

   <Context>
      <Keywords>
         <KItem Name="Walk.MVersionInfo.m_verMajor" />
      </Keywords>
      <Links>
         <LItem URL="ms-its:Walk.chm::/topic_0000000000000105.html" LinkGroup="Walk">m_verMajor - поле</LItem>
      </Links>
   </Context>
   

   <Context>
      <Keywords>
         <KItem Name="Walk.MVersionInfo.m_verMinor" />
      </Keywords>
      <Links>
         <LItem URL="ms-its:Walk.chm::/topic_0000000000000106.html" LinkGroup="Walk">m_verMinor - поле</LItem>
      </Links>
   </Context>
   

   <Context>
      <Keywords>
         <KItem Name="Walk.MLog.m_writer" />
      </Keywords>
      <Links>
         <LItem URL="ms-its:Walk.chm::/topic_0000000000000093.html" LinkGroup="Walk">m_writer - поле</LItem>
      </Links>
   </Context>
   

   <Context>
      <Keywords>
         <KItem Name="Walk.Serialization.MCrc16_CCITT_Kermit.table" />
      </Keywords>
      <Links>
         <LItem URL="ms-its:Walk.chm::/topic_0000000000000114.html" LinkGroup="Walk">table - поле</LItem>
      </Links>
   </Context>
   

   <Context>
      <Keywords>
         <KItem Name="Walk.ImSerializable.toBinary" />
      </Keywords>
      <Links>
         <LItem URL="ms-its:Walk.chm::/topic_0000000000000009.html" LinkGroup="Walk">toBinary - метод {Walk.ImSerializable}</LItem>
      </Links>
   </Context>
   

   <Context>
      <Keywords>
         <KItem Name="Walk.MCell.toBinary" />
      </Keywords>
      <Links>
         <LItem URL="ms-its:Walk.chm::/topic_0000000000000016.html" LinkGroup="Walk">toBinary - метод {Walk.MCell}</LItem>
      </Links>
   </Context>
   

   <Context>
      <Keywords>
         <KItem Name="Walk.MEngine.toBinary" />
      </Keywords>
      <Links>
         <LItem URL="ms-its:Walk.chm::/topic_000000000000005D.html" LinkGroup="Walk">toBinary - метод {Walk.MEngine}</LItem>
      </Links>
   </Context>
   

   <Context>
      <Keywords>
         <KItem Name="Walk.MID.toBinary" />
      </Keywords>
      <Links>
         <LItem URL="ms-its:Walk.chm::/topic_0000000000000072.html" LinkGroup="Walk">toBinary - метод {Walk.MID}</LItem>
      </Links>
   </Context>
   

   <Context>
      <Keywords>
         <KItem Name="Walk.MLink.toBinary" />
      </Keywords>
      <Links>
         <LItem URL="ms-its:Walk.chm::/topic_0000000000000085.html" LinkGroup="Walk">toBinary - метод {Walk.MLink}</LItem>
      </Links>
   </Context>
   

   <Context>
      <Keywords>
         <KItem Name="Walk.MProjectInfo.toBinary" />
      </Keywords>
      <Links>
         <LItem URL="ms-its:Walk.chm::/topic_00000000000000E8.html" LinkGroup="Walk">toBinary - метод {Walk.MProjectInfo}</LItem>
      </Links>
   </Context>
   

   <Context>
      <Keywords>
         <KItem Name="Walk.MVersionInfo.toBinary" />
      </Keywords>
      <Links>
         <LItem URL="ms-its:Walk.chm::/topic_000000000000010A.html" LinkGroup="Walk">toBinary - метод {Walk.MVersionInfo}</LItem>
      </Links>
   </Context>
   

   <Context>
      <Keywords>
         <KItem Name="Walk.ImSerializable.toText" />
      </Keywords>
      <Links>
         <LItem URL="ms-its:Walk.chm::/topic_000000000000000B.html" LinkGroup="Walk">toText - метод {Walk.ImSerializable}</LItem>
      </Links>
   </Context>
   

   <Context>
      <Keywords>
         <KItem Name="Walk.MCell.toText" />
      </Keywords>
      <Links>
         <LItem URL="ms-its:Walk.chm::/topic_0000000000000018.html" LinkGroup="Walk">toText - метод {Walk.MCell}</LItem>
      </Links>
   </Context>
   

   <Context>
      <Keywords>
         <KItem Name="Walk.MEngine.toText" />
      </Keywords>
      <Links>
         <LItem URL="ms-its:Walk.chm::/topic_000000000000005F.html" LinkGroup="Walk">toText - метод {Walk.MEngine}</LItem>
      </Links>
   </Context>
   

   <Context>
      <Keywords>
         <KItem Name="Walk.MID.toText" />
      </Keywords>
      <Links>
         <LItem URL="ms-its:Walk.chm::/topic_0000000000000074.html" LinkGroup="Walk">toText - метод {Walk.MID}</LItem>
      </Links>
   </Context>
   

   <Context>
      <Keywords>
         <KItem Name="Walk.MLink.toText" />
      </Keywords>
      <Links>
         <LItem URL="ms-its:Walk.chm::/topic_0000000000000087.html" LinkGroup="Walk">toText - метод {Walk.MLink}</LItem>
      </Links>
   </Context>
   

   <Context>
      <Keywords>
         <KItem Name="Walk.MProjectInfo.toText" />
      </Keywords>
      <Links>
         <LItem URL="ms-its:Walk.chm::/topic_00000000000000EA.html" LinkGroup="Walk">toText - метод {Walk.MProjectInfo}</LItem>
      </Links>
   </Context>
   

   <Context>
      <Keywords>
         <KItem Name="Walk.MVersionInfo.toText" />
      </Keywords>
      <Links>
         <LItem URL="ms-its:Walk.chm::/topic_000000000000010C.html" LinkGroup="Walk">toText - метод {Walk.MVersionInfo}</LItem>
      </Links>
   </Context>
   

</DynamicHelp>

