<?xml version="1.0"?>
<!--
Generated by VSdocman, see http://www.helixoft.com
-->
<doc>
  <assembly>
    <name>Walk</name>
  </assembly>
  <members>
    <member name="N:Walk">
    </member>
    <member name="P:Walk.ImElement.ElementId">
      <summary>
Идентификатор элемента.</summary>
    </member>
    <member name="P:Walk.ImElement.ElementName">
      <summary>
Строка имени элемента. Для связй не поддерживается.</summary>
    </member>
    <member name="P:Walk.ImElement.ElementDescription">
      <summary>
Строка описания элемента</summary>
    </member>
    <member name="P:Walk.ImElement.ElementIsActive">
      <summary>
Флаг активности элемента</summary>
    </member>
    <member name="P:Walk.ImElement.ElementServiceValue">
      <summary>
Поле для значения, используемого в сервисных операциях (поиск в графе, обслуживание и так далее) //default 0</summary>
    </member>
    <member name="P:Walk.ImElement.ElementState">
      <summary>
Состояние ячейки, связи, контейнера.</summary>
    </member>
    <member name="T:Walk.MCell">
      <summary>
Представляет интерфейс и общие методы для двух взаимозаменяемых вариантов ячеек.</summary>
    </member>
    <member name="M:Walk.MCell.#ctor">
      <summary>
Default constructor</summary>
    </member>
    <member name="M:Walk.MCell.ToString">
      <summary>
Get string representation of object.</summary>
      <returns>
Return string representation of object.</returns>
    </member>
    <member name="M:Walk.MCell.toBinary(System.IO.BinaryWriter)">
      <param name="writer">
</param>
    </member>
    <member name="M:Walk.MCell.fromBinary(System.IO.BinaryReader)">
      <param name="reader">
</param>
    </member>
    <member name="M:Walk.MCell.toText(System.IO.TextWriter,System.Boolean)">
      <param name="writer">
</param>
      <param name="withHex">
</param>
    </member>
    <member name="M:Walk.MCell.fromText(System.IO.TextReader)">
      <param name="reader">
</param>
    </member>
    <member name="T:Walk.MCellCollection">
      <summary>
Cell collection</summary>
    </member>
    <member name="M:Walk.MCellCollection.#ctor">
      <summary>
Default constructor</summary>
    </member>
    <member name="P:Walk.MCellCollection.Items">
      <summary>
NT-Get cell collection in dictionary</summary>
    </member>
    <member name="P:Walk.MCellCollection.Count">
      <summary>
Get count of cells in collection</summary>
    </member>
    <member name="T:Walk.MCellIdManager">
      <summary>
Cell Identifiers manager class</summary>
    </member>
    <member name="M:Walk.MCellIdManager.#ctor">
      <summary>
Default constructor</summary>
    </member>
    <member name="M:Walk.MCellIdManager.ToString">
      <summary>
Get string representation of object.</summary>
      <returns>
Return string representation of object.</returns>
    </member>
    <member name="T:Walk.MDbLayer">
    </member>
    <member name="M:Walk.MDbLayer.#ctor(Walk.MEngine)">
      <summary>
Default constructor</summary>
      <param name="engine">
</param>
    </member>
    <member name="M:Walk.MDbLayer.Open(Walk.MProjectInfo)">
      <summary>
NR-Open manager</summary>
      <param name="info">
</param>
    </member>
    <member name="M:Walk.MDbLayer.Close">
      <summary>
NR-Close manager</summary>
    </member>
    <member name="M:Walk.MDbLayer.ToString">
      <summary>
Get string representation of object.</summary>
      <returns>
Return string representation of object.</returns>
    </member>
    <member name="T:Walk.MElementIdManager">
      <summary>
Класс управляет выдачей идентификаторов для элементов</summary>
    </member>
    <member name="M:Walk.MElementIdManager.#ctor">
      <summary>
Default constructor</summary>
    </member>
    <member name="M:Walk.MElementIdManager.ToString">
      <summary>
Get string representation of object.</summary>
      <returns>
Return string representation of object.</returns>
    </member>
    <member name="T:Walk.MEngine">
    </member>
    <member name="M:Walk.MEngine.#ctor">
      <summary>
Parametrized constructor</summary>
    </member>
    <member name="P:Walk.MEngine.CurrentContainer">
      <summary>
Static reference to current container object</summary>
    </member>
    <member name="P:Walk.MEngine.EngineState">
      <summary>
Current engine state for user operations</summary>
    </member>
    <member name="P:Walk.MEngine.ProjectFile">
      <summary>
Project file info</summary>
    </member>
    <member name="P:Walk.MEngine.ContainerIdNumber">
      <summary>
Container identifier for fast access, cashed</summary>
    </member>
    <member name="P:Walk.MEngine.CellIdManager">
      <summary>
Cell Id manager</summary>
    </member>
    <member name="P:Walk.MEngine.LinkIdManager">
      <summary>
Link Id manager</summary>
    </member>
    <member name="P:Walk.MEngine.DefaultCellMode">
      <summary>
Default cell mode</summary>
      <remarks>
Код операций может изменять режим ячеек во время работы, настройки контейнера сохраняются в файл проекта по закрытии проекта.</remarks>
    </member>
    <member name="P:Walk.MEngine.DatabaseLayer">
      <summary>
Reference to database layer</summary>
    </member>
    <member name="P:Walk.MEngine.LogManager">
      <summary>
Log manager</summary>
    </member>
    <member name="P:Walk.MEngine.ProjectManager">
      <summary>
Project manager</summary>
    </member>
    <member name="P:Walk.MEngine.ResourceManager">
      <summary>
Get resource manager</summary>
    </member>
    <member name="P:Walk.MEngine.SnapshotManager">
      <summary>
Get snapshot manager</summary>
    </member>
    <member name="P:Walk.MEngine.NetworkManager">
      <summary>
Get networkManager</summary>
    </member>
    <member name="P:Walk.MEngine.CellCollection">
      <summary>
Get cell collection</summary>
    </member>
    <member name="P:Walk.MEngine.LinkCollection">
      <summary>
Get link collection</summary>
    </member>
    <member name="P:Walk.MEngine.ElementId">
      <summary>
Get container ID</summary>
      <remarks>
returns MID(containerid, 0)</remarks>
    </member>
    <member name="P:Walk.MEngine.ElementName">
    </member>
    <member name="P:Walk.MEngine.ElementDescription">
    </member>
    <member name="P:Walk.MEngine.ElementIsActive">
    </member>
    <member name="P:Walk.MEngine.ElementServiceValue">
    </member>
    <member name="P:Walk.MEngine.ElementState">
    </member>
    <member name="M:Walk.MEngine.toBinary(System.IO.BinaryWriter)">
      <param name="writer">
</param>
    </member>
    <member name="M:Walk.MEngine.fromBinary(System.IO.BinaryReader)">
      <param name="reader">
</param>
    </member>
    <member name="M:Walk.MEngine.toText(System.IO.TextWriter,System.Boolean)">
      <param name="writer">
</param>
      <param name="withHex">
</param>
    </member>
    <member name="M:Walk.MEngine.fromText(System.IO.TextReader)">
      <param name="reader">
</param>
    </member>
    <member name="M:Walk.MEngine.ToString">
      <summary>
NR-Get string representation of object.</summary>
      <returns>
Return string representation of object.</returns>
    </member>
    <member name="T:Walk.MID">
      <summary>
Item identifier</summary>
    </member>
    <member name="M:Walk.MID.#ctor">
      <summary>
Default constructor</summary>
    </member>
    <member name="M:Walk.MID.#ctor(System.Int32,System.Int32)">
      <summary>
Params constructor</summary>
      <param name="containerId">
Container ID number</param>
      <param name="elementId">
Element ID number</param>
    </member>
    <member name="M:Walk.MID.#ctor(Walk.MID)">
      <summary>
Copy constructor</summary>
      <param name="copy">
Source object</param>
    </member>
    <member name="P:Walk.MID.ContainerId">
      <summary>
Container identifier number</summary>
    </member>
    <member name="P:Walk.MID.ElementId">
      <summary>
Element identifier number</summary>
    </member>
    <member name="M:Walk.MID.toBinary(System.IO.BinaryWriter)">
      <param name="writer">
</param>
    </member>
    <member name="M:Walk.MID.fromBinary(System.IO.BinaryReader)">
      <param name="reader">
</param>
    </member>
    <member name="M:Walk.MID.toText(System.IO.TextWriter,System.Boolean)">
      <param name="writer">
</param>
      <param name="withHex">
</param>
    </member>
    <member name="M:Walk.MID.fromText(System.IO.TextReader)">
      <param name="reader">
</param>
    </member>
    <member name="M:Walk.MID.Clone">
    </member>
    <member name="M:Walk.MID.CreateLocalID(System.Int32)">
      <summary>
NT-Create ID for current container</summary>
      <returns>
Return local ID</returns>
      <param name="elementId">
</param>
    </member>
    <member name="M:Walk.MID.IsLocalId">
      <summary>
NT-Проверяет, что идентификатор локальнй, то есть принадлежит текущему контейнеру</summary>
      <remarks>
Использование внутри цикла ухудшает производительность.</remarks>
      <returns>
Returns True if Id is local, False otherwise</returns>
    </member>
    <member name="M:Walk.MID.ToString">
      <summary>
Get string representation of object</summary>
      <returns>
Returns string representation of object, like 0:0</returns>
    </member>
    <member name="M:Walk.MID.FromU64(System.UInt64)">
      <summary>
NT-Unpack element identifier from U64 value</summary>
      <returns>
Returns unpacked element identifier.</returns>
      <param name="id">
Packed to U64 identifier</param>
    </member>
    <member name="M:Walk.MID.ToU64">
      <summary>
NT-Pack element identifier to U64 value</summary>
      <returns>
Returns packed element identifier as U64 value.</returns>
    </member>
    <member name="T:Walk.MLink">
    </member>
    <member name="M:Walk.MLink.#ctor">
      <summary>
Default constructor</summary>
    </member>
    <member name="M:Walk.MLink.ToString">
      <summary>
Get string representation of object.</summary>
      <returns>
Return string representation of object.</returns>
    </member>
    <member name="P:Walk.MLink.ElementId">
    </member>
    <member name="P:Walk.MLink.ElementName">
    </member>
    <member name="P:Walk.MLink.ElementDescription">
    </member>
    <member name="P:Walk.MLink.ElementIsActive">
    </member>
    <member name="P:Walk.MLink.ElementServiceValue">
    </member>
    <member name="P:Walk.MLink.ElementState">
    </member>
    <member name="M:Walk.MLink.toBinary(System.IO.BinaryWriter)">
      <param name="writer">
</param>
    </member>
    <member name="M:Walk.MLink.fromBinary(System.IO.BinaryReader)">
      <param name="reader">
</param>
    </member>
    <member name="M:Walk.MLink.toText(System.IO.TextWriter,System.Boolean)">
      <param name="writer">
</param>
      <param name="withHex">
</param>
    </member>
    <member name="M:Walk.MLink.fromText(System.IO.TextReader)">
      <param name="reader">
</param>
    </member>
    <member name="T:Walk.MLinkCollection">
      <summary>
Link collection</summary>
    </member>
    <member name="M:Walk.MLinkCollection.#ctor">
      <summary>
Default constructor</summary>
    </member>
    <member name="P:Walk.MLinkCollection.Items">
      <summary>
Get list of links in collection</summary>
    </member>
    <member name="M:Walk.MLinkCollection.ToString">
      <summary>
Get string representation of object.</summary>
      <returns>
Return string representation of object.</returns>
    </member>
    <member name="T:Walk.MLinkIdManager">
      <summary>
Link identifiers manager class</summary>
    </member>
    <member name="M:Walk.MLinkIdManager.#ctor">
      <summary>
Default constructor</summary>
    </member>
    <member name="M:Walk.MLinkIdManager.ToString">
      <summary>
Get string representation of object.</summary>
      <returns>
Return string representation of object.</returns>
    </member>
    <member name="T:Walk.MLog">
      <summary>
Log manager</summary>
    </member>
    <member name="M:Walk.MLog.#ctor(Walk.MEngine)">
      <summary>
Default constructor</summary>
      <param name="engine">
Container object</param>
    </member>
    <member name="M:Walk.MLog.Open(Walk.MProjectInfo)">
      <param name="info">
</param>
    </member>
    <member name="M:Walk.MLog.addSimpleText(System.String)">
      <summary>
Insert text, for simple debug only</summary>
      <param name="text">
</param>
    </member>
    <member name="M:Walk.MLog.ToString">
      <summary>
Get string representation of object.</summary>
      <returns>
Return string representation of object.</returns>
    </member>
    <member name="T:Walk.MNetwork">
    </member>
    <member name="M:Walk.MNetwork.#ctor(Walk.MEngine)">
      <summary>
Default constructor</summary>
      <param name="engine">
Container object</param>
    </member>
    <member name="M:Walk.MNetwork.Open(Walk.MProjectInfo)">
      <summary>
Open manager</summary>
      <param name="info">
</param>
    </member>
    <member name="M:Walk.MNetwork.Close">
      <summary>
Close manager</summary>
    </member>
    <member name="M:Walk.MNetwork.ToString">
      <summary>
Get string representation of object.</summary>
      <returns>
Return string representation of object.</returns>
    </member>
    <member name="T:Walk.MProject">
    </member>
    <member name="M:Walk.MProject.#ctor(Walk.MEngine)">
      <summary>
Default constructor</summary>
      <param name="engine">
Container object</param>
    </member>
    <member name="P:Walk.MProject.Container">
      <summary>
Get container</summary>
    </member>
    <member name="P:Walk.MProject.ProjectFolderPath">
      <summary>
Project folder path</summary>
    </member>
    <member name="P:Walk.MProject.SnapshotFolderPath">
      <summary>
Snapshot folder path</summary>
    </member>
    <member name="P:Walk.MProject.ResourceFolderPath">
      <summary>
Resource main folder path</summary>
    </member>
    <member name="P:Walk.MProject.LogFolderPath">
      <summary>
Log folder path</summary>
    </member>
    <member name="P:Walk.MProject.MethodFolderPath">
      <summary>
Method folder path</summary>
    </member>
    <member name="M:Walk.MProject.Open(Walk.MProjectInfo)">
      <summary>
NR-Open manager</summary>
      <param name="info">
</param>
    </member>
    <member name="M:Walk.MProject.Close">
      <summary>
NR-Close manager</summary>
    </member>
    <member name="M:Walk.MProject.ProjectOpen(System.String)">
      <summary>
NR-Open existing project</summary>
      <remarks>
Only one project can be opened at one time in application. Так как статическая ссылка на текущий контейнер одна на все контейнеры в процессе/приложении.</remarks>
      <returns>
Returns MEngine object of opened project</returns>
      <param name="prjFilePathname">
Path for project file</param>
    </member>
    <member name="M:Walk.MProject.ProjectClose(System.Boolean)">
      <summary>
NT-Close opened project</summary>
      <param name="withSave">
</param>
    </member>
    <member name="M:Walk.MProject.ToString">
      <summary>
Get string representation of object.</summary>
      <returns>
Return string representation of object.</returns>
    </member>
    <member name="T:Walk.MProjectInfo">
      <summary>
Class represent project information and project file</summary>
      <remarks>
ProjectFile old class</remarks>
    </member>
    <member name="M:Walk.MProjectInfo.#ctor">
      <summary>
Default constructor</summary>
    </member>
    <member name="P:Walk.MProjectInfo.ProjectId">
      <summary>
Project identifier</summary>
      <remarks>
Same as container identifier</remarks>
    </member>
    <member name="P:Walk.MProjectInfo.ProjectName">
      <summary>
Project name</summary>
      <remarks>
Same as container name</remarks>
    </member>
    <member name="P:Walk.MProjectInfo.ProjectDescription">
      <summary>
Project description</summary>
      <remarks>
Same as container description</remarks>
    </member>
    <member name="P:Walk.MProjectInfo.CreationDate">
      <summary>
Project creation date</summary>
    </member>
    <member name="P:Walk.MProjectInfo.EngineVersion">
      <summary>
Engine major version number</summary>
    </member>
    <member name="P:Walk.MProjectInfo.EngineSubVersion">
      <summary>
Engine minor version number</summary>
    </member>
    <member name="P:Walk.MProjectInfo.ProjectFilePath">
      <summary>
Project file pathname</summary>
    </member>
    <member name="P:Walk.MProjectInfo.DatabaseType">
      <summary>
Type of database for project</summary>
    </member>
    <member name="P:Walk.MProjectInfo.DatabaseServerPath">
      <summary>
Database server path</summary>
    </member>
    <member name="P:Walk.MProjectInfo.DatabaseName">
      <summary>
Database name</summary>
    </member>
    <member name="P:Walk.MProjectInfo.PortNumber">
      <summary>
Database server port number, 0 for default</summary>
    </member>
    <member name="P:Walk.MProjectInfo.Timeout">
      <summary>
Connection timeout, sec</summary>
    </member>
    <member name="P:Walk.MProjectInfo.UserName">
      <summary>
User name of database server account</summary>
    </member>
    <member name="P:Walk.MProjectInfo.UserPassword">
      <summary>
User password of database server account</summary>
    </member>
    <member name="P:Walk.MProjectInfo.UseIntegratedSecurity">
      <summary>
Flag use integrated security for MsSql2005</summary>
    </member>
    <member name="P:Walk.MProjectInfo.ContainerState">
      <summary>
Container state identifier as U64-packed value</summary>
    </member>
    <member name="P:Walk.MProjectInfo.ContainerIsActiveFlag">
      <summary>
Container Is Active flag</summary>
    </member>
    <member name="P:Walk.MProjectInfo.ContainerServiceFlag">
      <summary>
Container service flag value</summary>
    </member>
    <member name="P:Walk.MProjectInfo.ContainerDefaultCellMode">
      <summary>
Container default cell mode для неявно загружаемых из БД ячеек</summary>
    </member>
    <member name="P:Walk.MProjectInfo.SnapshotNumber">
      <summary>
Snapshot step number</summary>
    </member>
    <member name="P:Walk.MProjectInfo.LogfileNumber">
      <summary>
Log file number</summary>
    </member>
    <member name="P:Walk.MProjectInfo.LogDetailsFlags">
      <summary>
Log details flas</summary>
    </member>
    <member name="M:Walk.MProjectInfo.toBinary(System.IO.BinaryWriter)">
      <param name="writer">
</param>
    </member>
    <member name="M:Walk.MProjectInfo.fromBinary(System.IO.BinaryReader)">
      <param name="reader">
</param>
    </member>
    <member name="M:Walk.MProjectInfo.toText(System.IO.TextWriter,System.Boolean)">
      <param name="writer">
</param>
      <param name="withHex">
</param>
    </member>
    <member name="M:Walk.MProjectInfo.fromText(System.IO.TextReader)">
      <param name="reader">
</param>
    </member>
    <member name="M:Walk.MProjectInfo.Save">
      <summary>
FT-Create or overwrite project file with current path, write values, close project file.</summary>
      <remarks>
Без записи в лог, или проверять его существование!</remarks>
    </member>
    <member name="M:Walk.MProjectInfo.Load(System.String)">
      <summary>
FT-Open project file, load values, close project file.</summary>
      <remarks>
Без записи в лог, или проверять его существование!</remarks>
      <param name="filename">
</param>
    </member>
    <member name="M:Walk.MProjectInfo.getProjectDirectory">
      <summary>
Get main project directory from project file pathname</summary>
    </member>
    <member name="M:Walk.MProjectInfo.getProjectName16">
      <summary>
Return first 16 chars of project name</summary>
    </member>
    <member name="M:Walk.MProjectInfo.IsDBused">
      <summary>
Is project uses database?</summary>
      <returns>
Returns true if project use database. False otherwise.</returns>
    </member>
    <member name="M:Walk.MProjectInfo.ToString">
      <summary>
Get string representation of object.</summary>
      <returns>
Return string representation of object.</returns>
    </member>
    <member name="T:Walk.MResource">
    </member>
    <member name="M:Walk.MResource.#ctor(Walk.MEngine)">
      <summary>
Default constructor</summary>
      <param name="engine">
Container object</param>
    </member>
    <member name="M:Walk.MResource.Open(Walk.MProjectInfo)">
      <summary>
Open manager</summary>
      <param name="info">
</param>
    </member>
    <member name="M:Walk.MResource.Close">
      <summary>
Close manager</summary>
    </member>
    <member name="M:Walk.MResource.ToString">
      <summary>
Get string representation of object.</summary>
      <returns>
Return string representation of object.</returns>
    </member>
    <member name="T:Walk.MSnapshot">
    </member>
    <member name="M:Walk.MSnapshot.#ctor(Walk.MEngine)">
      <summary>
Default constructor</summary>
      <param name="engine">
Container object</param>
    </member>
    <member name="M:Walk.MSnapshot.Open(Walk.MProjectInfo)">
      <summary>
Open manager</summary>
      <param name="info">
</param>
    </member>
    <member name="M:Walk.MSnapshot.Close">
      <summary>
Close manager</summary>
    </member>
    <member name="M:Walk.MSnapshot.ToString">
      <summary>
Get string representation of object.</summary>
      <returns>
Return string representation of object.</returns>
    </member>
    <member name="T:Walk.MUtility">
      <summary>
Class contains some utility functions</summary>
    </member>
    <member name="M:Walk.MUtility.BytesToHex(System.Byte[])">
      <summary>
NR-Convert bytes to hex string</summary>
      <returns>
Hex string</returns>
      <param name="byteArray">
</param>
    </member>
    <member name="M:Walk.MUtility.HexToBytes(System.String)">
      <summary>
NR-Convert hex string to bytes</summary>
      <param name="hexStr">
</param>
    </member>
    <member name="M:Walk.MUtility.isHexDigit(System.Char)">
      <summary>
NFT-Check that char is hex digit 0..9,A..H</summary>
      <returns>
Returns true if char is hex char, False otherwise.</returns>
      <param name="c">
Char for check</param>
    </member>
    <member name="M:Walk.MUtility.createXmlSafeString(System.String)">
      <summary>
Remove chars that non-safe to XML parsing</summary>
      <remarks>
Unsafe symbols replaced by ?.</remarks>
      <returns>
Returns XML-safe string</returns>
      <param name="s">
String contans non-safe XML symbols</param>
    </member>
    <member name="T:Walk.MVersionInfo">
      <summary>
Represent engine version</summary>
    </member>
    <member name="M:Walk.MVersionInfo.#ctor">
      <summary>
Default constructor</summary>
    </member>
    <member name="P:Walk.MVersionInfo.MajorVersionNumber">
      <summary>
Engine major version number</summary>
      <remarks>
Отражает изменения, влияющие на совместимость</remarks>
    </member>
    <member name="P:Walk.MVersionInfo.MinorVersionNumber">
      <summary>
Engine minor version number</summary>
      <remarks>
Отражает изменения, не влияющие на совместимость</remarks>
    </member>
    <member name="M:Walk.MVersionInfo.toBinary(System.IO.BinaryWriter)">
      <summary>
Serialize object data to binary stream</summary>
      <param name="writer">
Binary writer for data</param>
    </member>
    <member name="M:Walk.MVersionInfo.fromBinary(System.IO.BinaryReader)">
      <summary>
Deserialize object data from binary stream</summary>
      <param name="reader">
Binary reader for data</param>
    </member>
    <member name="M:Walk.MVersionInfo.toText(System.IO.TextWriter,System.Boolean)">
      <summary>
Serialize object data to text stream</summary>
      <param name="writer">
Text writer for data</param>
      <param name="withHex">
True - include HEX representation of binary data.False - text representation only.</param>
    </member>
    <member name="M:Walk.MVersionInfo.fromText(System.IO.TextReader)">
      <summary>
Deserialize object data from text stream</summary>
      <param name="reader">
Text reader for data</param>
    </member>
    <member name="M:Walk.MVersionInfo.GetCurrentVersion">
      <summary>
Returns current engine version - now version 23.0</summary>
      <remarks>
В новом релизе движка - установите здесь номер новой версии.</remarks>
      <returns>
Returns current engine version</returns>
    </member>
    <member name="M:Walk.MVersionInfo.IsCompatibleVersion(Walk.MVersionInfo)">
      <summary>
Check that specified engine version is compatible with current version</summary>
      <remarks>
Аналог конструкции MVersionInfo.GetCurrentVersion().isCompatibleVersion(ver).</remarks>
      <returns>
Returns True if specified version compatible with current version. Return False otherwise.</returns>
      <param name="ver">
Engine version info object</param>
    </member>
    <member name="M:Walk.MVersionInfo.isCompatibleVersion(Walk.MVersionInfo)">
      <summary>
Check that specified engine version is compatible with current version</summary>
      <returns>
Returns True if specified version compatible with current version. Return False otherwise.</returns>
      <param name="ver">
Engine version info object</param>
    </member>
    <member name="M:Walk.MVersionInfo.ToString">
      <summary>
Get string representation of object</summary>
      <returns>
Return string representation of object, like v23.0</returns>
    </member>
  </members>
</doc>
