<?xml version="1.0" encoding="UTF-8"?><?xml-stylesheet type='text/xsl' href='_UpgradeReport_Files/UpgradeReport.xslt'?><UpgradeLog>
<Properties><Property Name="Solution" Value="Tapp23Desktop">
</Property><Property Name="Solution File" Value="D:\Temp\Mapped\Projects\SIM\Tapp23Project\Tapp23Desktop\Tapp23Desktop.sln">
</Property><Property Name="Date" Value="17 мая 2015 г.">
</Property><Property Name="Time" Value="3:34">
</Property></Properties><Event ErrorLevel="0" Project="TappTest" Source="TappTest\TappTest.csproj" Description="Project converted successfully">
</Event><Event ErrorLevel="3" Project="TappTest" Source="TappTest\TappTest.csproj" Description="Converted">
</Event><Event ErrorLevel="0" Project="Walk" Source="Walk\Walk.csproj" Description="Project converted successfully">
</Event><Event ErrorLevel="3" Project="Walk" Source="Walk\Walk.csproj" Description="Converted">
</Event><Event ErrorLevel="0" Project="" Source="Tapp23Desktop.sln" Description="Solution converted successfully">
</Event><Event ErrorLevel="3" Project="" Source="Tapp23Desktop.sln" Description="Converted">
</Event><Event ErrorLevel="0" Project="TappTest" Source="TappTest\TappTest.csproj" Description="Scan complete: Upgrade not required for project files.">
</Event><Event ErrorLevel="0" Project="Walk" Source="Walk\Walk.csproj" Description="Scan complete: Upgrade not required for project files.">
</Event></UpgradeLog>